-- phpMyAdmin SQL Dump
-- version 4.8.4
-- https://www.phpmyadmin.net/
--
-- Host: 127.0.0.1
-- Generation Time: Nov 29, 2019 at 03:33 PM
-- Server version: 10.1.37-MariaDB
-- PHP Version: 5.6.40

SET SQL_MODE = "NO_AUTO_VALUE_ON_ZERO";
SET AUTOCOMMIT = 0;
START TRANSACTION;
SET time_zone = "+00:00";


/*!40101 SET @OLD_CHARACTER_SET_CLIENT=@@CHARACTER_SET_CLIENT */;
/*!40101 SET @OLD_CHARACTER_SET_RESULTS=@@CHARACTER_SET_RESULTS */;
/*!40101 SET @OLD_COLLATION_CONNECTION=@@COLLATION_CONNECTION */;
/*!40101 SET NAMES utf8mb4 */;

--
-- Database: `findlost`
--

-- --------------------------------------------------------

--
-- Table structure for table `cells`
--

CREATE TABLE `cells` (
  `id` bigint(20) UNSIGNED NOT NULL,
  `sector` bigint(20) UNSIGNED DEFAULT NULL,
  `cell` varchar(191) COLLATE utf8mb4_unicode_ci NOT NULL,
  `code` varchar(191) COLLATE utf8mb4_unicode_ci DEFAULT NULL
) ENGINE=InnoDB DEFAULT CHARSET=utf8mb4 COLLATE=utf8mb4_unicode_ci;

--
-- Dumping data for table `cells`
--

INSERT INTO `cells` (`id`, `sector`, `cell`, `code`) VALUES
(1, 1, 'Biryogo', NULL),
(2, 1, 'Kabuye', NULL),
(3, 1, 'Kagomasi', NULL),
(4, 1, 'Mwendo', NULL),
(5, 1, 'Ramiro', NULL),
(6, 2, 'Juru', NULL),
(7, 2, 'Kabukuba', NULL),
(8, 2, 'Mugorore', NULL),
(9, 2, 'Musovu', NULL),
(10, 2, 'Rwinume', NULL),
(11, 3, 'Biharagu', NULL),
(12, 3, 'Burenge', NULL),
(13, 3, 'Kampeka', NULL),
(14, 3, 'Nyakayaga', NULL),
(15, 3, 'Tunda', NULL),
(16, 4, 'Bushenyi', NULL),
(17, 4, 'Gakomeye', NULL),
(18, 4, 'Nyamigina', NULL),
(19, 4, 'Rango', NULL),
(20, 4, 'Rugarama', NULL),
(21, 5, 'Gakamba', NULL),
(22, 5, 'Kagenge', NULL),
(23, 5, 'Kibenga', NULL),
(24, 5, 'Kibirizi', NULL),
(25, 5, 'Mbyo', NULL),
(26, 6, 'Gicaca', NULL),
(27, 6, 'Musenyi', NULL),
(28, 6, 'Nyagihunika', NULL),
(29, 6, 'Rulindo', NULL),
(30, 7, 'Bitaba', NULL),
(31, 7, 'Kagasa', NULL),
(32, 7, 'Rugunga', NULL),
(33, 7, 'Rurenge', NULL),
(34, 8, 'Gihembe', NULL),
(35, 8, 'Murama', NULL),
(36, 8, 'Ngeruka', NULL),
(37, 8, 'Nyakayenzi', NULL),
(38, 8, 'Rutonde', NULL),
(39, 9, 'Cyugaro', NULL),
(40, 9, 'Kanzenze', NULL),
(41, 9, 'Kibungo', NULL),
(42, 10, 'Kanazi', NULL),
(43, 10, 'Kayumba', NULL),
(44, 10, 'Maranyundo', NULL),
(45, 10, 'Murama', NULL),
(46, 10, 'Nyamata y\' Umujyi', NULL),
(47, 11, 'Gihinga', NULL),
(48, 11, 'Kabuye', NULL),
(49, 11, 'Murambi', NULL),
(50, 11, 'Ngenda', NULL),
(51, 11, 'Rugando', NULL),
(52, 12, 'Kabeza', NULL),
(53, 12, 'Karera', NULL),
(54, 12, 'Kimaranzara', NULL),
(55, 12, 'Ntarama', NULL),
(56, 12, 'Nyabagendwa', NULL),
(57, 13, 'Bihari', NULL),
(58, 13, 'Gatanga', NULL),
(59, 13, 'Gikundamvura', NULL),
(60, 13, 'Kindama', NULL),
(61, 13, 'Ruhuha', NULL),
(62, 14, 'Batima', NULL),
(63, 14, 'Kintambwe', NULL),
(64, 14, 'Mazane', NULL),
(65, 14, 'Nemba', NULL),
(66, 14, 'Nkanga', NULL),
(67, 14, 'Sharita', NULL),
(68, 15, 'Kabagugu', NULL),
(69, 15, 'Kamabuye', NULL),
(70, 15, 'Nziranziza', NULL),
(71, 15, 'Rebero', NULL),
(72, 15, 'Rutare', NULL),
(73, 16, 'Bungwe', NULL),
(74, 16, 'Bushenya', NULL),
(75, 16, 'Mudugari', NULL),
(76, 16, 'Tumba', NULL),
(77, 17, 'Gatsibo', NULL),
(78, 17, 'Mubuga', NULL),
(79, 17, 'Muhotora', NULL),
(80, 17, 'Nyamicucu', NULL),
(81, 17, 'Rusumo', NULL),
(82, 18, 'Gasiza', NULL),
(83, 18, 'Gisovu', NULL),
(84, 18, 'Kabyiniro', NULL),
(85, 18, 'Kagitega', NULL),
(86, 18, 'Kamanyana', NULL),
(87, 18, 'Nyagahinga', NULL),
(88, 19, 'Butare', NULL),
(89, 19, 'Ndongozi', NULL),
(90, 19, 'Ruyange', NULL),
(91, 20, 'Buramba', NULL),
(92, 20, 'Gisizi', NULL),
(93, 20, 'Kidakama', NULL),
(94, 20, 'Nyangwe', NULL),
(95, 20, 'Rwasa', NULL),
(96, 21, 'Gabiro', NULL),
(97, 21, 'Musenda', NULL),
(98, 21, 'Rwambogo', NULL),
(99, 21, 'Rwasa', NULL),
(100, 22, 'Mariba', NULL),
(101, 22, 'Musasa', NULL),
(102, 22, 'Runoga', NULL),
(103, 23, 'Kabaya', NULL),
(104, 23, 'Kayenzi', NULL),
(105, 23, 'Kiringa', NULL),
(106, 23, 'Nyamabuye', NULL),
(107, 24, 'Gafuka', NULL),
(108, 24, 'Nkenke', NULL),
(109, 24, 'Nkumba', NULL),
(110, 24, 'Ntaruka', NULL),
(111, 25, 'Bugamba', NULL),
(112, 25, 'Kaganda', NULL),
(113, 25, 'Musasa', NULL),
(114, 25, 'Rutovu', NULL),
(115, 26, 'Bukwashuri', NULL),
(116, 26, 'Gashanje', NULL),
(117, 26, 'Murwa', NULL),
(118, 26, 'Nyirataba', NULL),
(119, 27, 'Kivumu', NULL),
(120, 27, 'Nyamugari', NULL),
(121, 27, 'Rubona', NULL),
(122, 27, 'Rushara', NULL),
(123, 28, 'Cyahi', NULL),
(124, 28, 'Gafumba', NULL),
(125, 28, 'Karangara', NULL),
(126, 28, 'Rurembo', NULL),
(127, 29, 'Kilibata', NULL),
(128, 29, 'Mucaca', NULL),
(129, 29, 'Nyanamo', NULL),
(130, 29, 'Rukandabyuma', NULL),
(131, 30, 'Gaseke', NULL),
(132, 30, 'Gatare', NULL),
(133, 30, 'Gitovu', NULL),
(134, 30, 'Rusekera', NULL),
(135, 31, 'Kabona', NULL),
(136, 31, 'Ndago', NULL),
(137, 31, 'Ruhanga', NULL),
(138, 32, 'Gacundura', NULL),
(139, 32, 'Gashoro', NULL),
(140, 32, 'Ruconsho', NULL),
(141, 32, 'Rugari', NULL),
(142, 33, 'Birambo', NULL),
(143, 33, 'Butereri', NULL),
(144, 33, 'Byibuhiro', NULL),
(145, 33, 'Kamina', NULL),
(146, 33, 'Kirabo', NULL),
(147, 33, 'Mwumba', NULL),
(148, 33, 'Ruhanga', NULL),
(149, 34, 'Kiruku', NULL),
(150, 34, 'Mbirima', NULL),
(151, 34, 'Nyange', NULL),
(152, 34, 'Nyanza', NULL),
(153, 35, 'Muhaza', NULL),
(154, 35, 'Muhororo', NULL),
(155, 35, 'Muramba', NULL),
(156, 35, 'Mutanda', NULL),
(157, 35, 'Rukore', NULL),
(158, 36, 'Buheta', NULL),
(159, 36, 'Kagoma', NULL),
(160, 36, 'Nganzo', NULL),
(161, 36, 'Rusagara', NULL),
(162, 37, 'Nyacyina', NULL),
(163, 37, 'Rukura', NULL),
(164, 37, 'Rutabo', NULL),
(165, 37, 'Rutenderi', NULL),
(166, 37, 'Taba', NULL),
(167, 38, 'Gakindo', NULL),
(168, 38, 'Gashyamba', NULL),
(169, 38, 'Gatwa', NULL),
(170, 38, 'Karukungu', NULL),
(171, 39, 'Kamubuga', NULL),
(172, 39, 'Kidomo', NULL),
(173, 39, 'Mbatabata', NULL),
(174, 39, 'Rukore', NULL),
(175, 40, 'Kanyanza', NULL),
(176, 40, 'Karambo', NULL),
(177, 40, 'Kirebe', NULL),
(178, 41, 'Cyintare', NULL),
(179, 41, 'Gasiza', NULL),
(180, 41, 'Rugimbu', NULL),
(181, 41, 'Ruhinga', NULL),
(182, 41, 'Sereri', NULL),
(183, 42, 'Buyange', NULL),
(184, 42, 'Gikombe', NULL),
(185, 42, 'Nyundo', NULL),
(186, 43, 'Gasiho', NULL),
(187, 43, 'Munyana', NULL),
(188, 43, 'Murambi', NULL),
(189, 43, 'Raba', NULL),
(190, 44, 'Gahinga', NULL),
(191, 44, 'Munyana', NULL),
(192, 44, 'Mutego', NULL),
(193, 44, 'Nkomane', NULL),
(194, 44, 'Rutabo', NULL),
(195, 44, 'Rutenderi', NULL),
(196, 44, 'Rwamambe', NULL),
(197, 45, 'Busake', NULL),
(198, 45, 'Bwenda', NULL),
(199, 45, 'Gasiza', NULL),
(200, 45, 'Gihinga', NULL),
(201, 45, 'Huro', NULL),
(202, 45, 'Musagara', NULL),
(203, 45, 'Musenyi', NULL),
(204, 45, 'Ruganda', NULL),
(205, 45, 'Rwinkuba', NULL),
(206, 46, 'Bumba', NULL),
(207, 46, 'Gisiza', NULL),
(208, 46, 'Karyango', NULL),
(209, 46, 'Nganzo', NULL),
(210, 46, 'Va', NULL),
(211, 47, 'Kabatezi', NULL),
(212, 47, 'Kiryamo', NULL),
(213, 47, 'Mubuga', NULL),
(214, 47, 'Mwiyando', NULL),
(215, 47, 'Rwa', NULL),
(216, 27, 'Buranga', NULL),
(217, 27, 'Gahinga', NULL),
(218, 27, 'Gisozi', NULL),
(219, 27, 'Mucaca', NULL),
(220, 49, 'Busoro', NULL),
(221, 49, 'Gikingo', NULL),
(222, 49, 'Jango', NULL),
(223, 49, 'Ruli', NULL),
(224, 49, 'Rwesero', NULL),
(225, 50, 'Gataba', NULL),
(226, 50, 'Kamonyi', NULL),
(227, 50, 'Murambi', NULL),
(228, 50, 'Nyundo', NULL),
(229, 50, 'Rumbi', NULL),
(230, 50, 'Rurembo', NULL),
(231, 51, 'Burimba', NULL),
(232, 51, 'Busanane', NULL),
(233, 51, 'Joma', NULL),
(234, 51, 'Kageyo', NULL),
(235, 51, 'Mbogo', NULL),
(236, 51, 'Razi', NULL),
(237, 51, 'Rwankuba', NULL),
(238, 51, 'Shyombwe', NULL),
(239, 52, 'Kinyaga', NULL),
(240, 52, 'Musave', NULL),
(241, 52, 'Mvuzo', NULL),
(242, 52, 'Ngara', NULL),
(243, 52, 'Nkuzuzu', NULL),
(244, 52, 'Nyabikenke', NULL),
(245, 52, 'Nyagasozi', NULL),
(246, 53, 'Karuruma', NULL),
(247, 53, 'Nyamabuye', NULL),
(248, 53, 'Nyamugari', NULL),
(249, 54, 'Gasagara', NULL),
(250, 54, 'Gicaca', NULL),
(251, 54, 'Kibara', NULL),
(252, 54, 'Munini', NULL),
(253, 54, 'Murambi', NULL),
(254, 55, 'Musezero', NULL),
(255, 55, 'Ruhango', NULL),
(256, 56, 'Akamatamu', NULL),
(257, 56, 'Bweramvura', NULL),
(258, 56, 'Kabuye', NULL),
(259, 56, 'Kidashya', NULL),
(260, 56, 'Ngiryi', NULL),
(261, 57, 'Agateko', NULL),
(262, 57, 'Buhiza', NULL),
(263, 57, 'Muko', NULL),
(264, 57, 'Nkusi', NULL),
(265, 57, 'Nyabuliba', NULL),
(266, 57, 'Nyakabungo', NULL),
(267, 57, 'Nyamitanga', NULL),
(268, 58, 'Kamatamu', NULL),
(269, 58, 'Kamutwa', NULL),
(270, 58, 'Kibaza', NULL),
(271, 59, 'Kamukina', NULL),
(272, 59, 'Kimihurura', NULL),
(273, 59, 'Rugando', NULL),
(274, 60, 'Bibare', NULL),
(275, 60, 'Kibagabaga', NULL),
(276, 60, 'Nyagatovu', NULL),
(277, 61, 'Gacuriro', NULL),
(278, 61, 'Gasharu', NULL),
(279, 61, 'Kagugu', NULL),
(280, 61, 'Murama', NULL),
(281, 62, 'Bwiza', NULL),
(282, 62, 'Cyaruzinge', NULL),
(283, 62, 'Kibenga', NULL),
(284, 62, 'Masoro', NULL),
(285, 62, 'Mukuyu', NULL),
(286, 62, 'Rudashya', NULL),
(287, 63, 'Butare', NULL),
(288, 63, 'Gasanze', NULL),
(289, 63, 'Gasura', NULL),
(290, 63, 'Gatunga', NULL),
(291, 63, 'Muremure', NULL),
(292, 63, 'Sha', NULL),
(293, 63, 'Shango', NULL),
(294, 64, 'Nyabisindu', NULL),
(295, 64, 'Nyarutarama', NULL),
(296, 64, 'Rukiri I', NULL),
(297, 64, 'Rukiri II', NULL),
(298, 65, 'Bisenga', NULL),
(299, 65, 'Gasagara', NULL),
(300, 65, 'Kabuga I', NULL),
(301, 65, 'Kabuga II', NULL),
(302, 65, 'Kinyana', NULL),
(303, 65, 'Mbandazi', NULL),
(304, 65, 'Nyagahinga', NULL),
(305, 65, 'Ruhanga', NULL),
(306, 66, 'Gasabo', NULL),
(307, 66, 'Indatemwa', NULL),
(308, 66, 'Kabaliza', NULL),
(309, 66, 'Kacyatwa', NULL),
(310, 66, 'Kibenga', NULL),
(311, 66, 'Kigabiro', NULL),
(312, 67, 'Kigabiro', NULL),
(313, 67, 'Kimana', NULL),
(314, 67, 'Teme', NULL),
(315, 67, 'Viro', NULL),
(316, 68, 'Gatsibo', NULL),
(317, 68, 'Manishya', NULL),
(318, 68, 'Mugera', NULL),
(319, 68, 'Nyabicwamba', NULL),
(320, 68, 'Nyagahanga', NULL),
(321, 69, 'Bukomane', NULL),
(322, 69, 'Cyabusheshe', NULL),
(323, 69, 'Karubungo', NULL),
(324, 69, 'Mpondwa', NULL),
(325, 69, 'Nyamirama', NULL),
(326, 69, 'Rubira', NULL),
(327, 70, 'Kabarore', NULL),
(328, 70, 'Kabeza', NULL),
(329, 70, 'Karenge', NULL),
(330, 70, 'Marimba', NULL),
(331, 70, 'Nyabikiri', NULL),
(332, 70, 'Simbwa', NULL),
(333, 71, 'Busetsa', NULL),
(334, 71, 'Gituza', NULL),
(335, 71, 'Kintu', NULL),
(336, 71, 'Nyagisozi', NULL),
(337, 72, 'Akabuga', NULL),
(338, 72, 'Gakenke', NULL),
(339, 72, 'Gakoni', NULL),
(340, 72, 'Nyabisindu', NULL),
(341, 73, 'Agakomeye', NULL),
(342, 73, 'Mbogo', NULL),
(343, 73, 'Ndatemwa', NULL),
(344, 73, 'Rubona', NULL),
(345, 74, 'Bibare', NULL),
(346, 74, 'Gakorokombe', NULL),
(347, 74, 'Mamfu', NULL),
(348, 74, 'Rumuli', NULL),
(349, 74, 'Taba', NULL),
(350, 75, 'Murambi', NULL),
(351, 75, 'Nyamiyaga', NULL),
(352, 75, 'Rwankuba', NULL),
(353, 75, 'Rwimitereri', NULL),
(354, 76, 'Bugamba', NULL),
(355, 76, 'Karambi', NULL),
(356, 76, 'Kigasha', NULL),
(357, 76, 'Ngarama', NULL),
(358, 76, 'Nyarubungo', NULL),
(359, 77, 'Gitinda', NULL),
(360, 77, 'Kibare', NULL),
(361, 77, 'Mayange', NULL),
(362, 77, 'Murambi', NULL),
(363, 77, 'Nyagitabire', NULL),
(364, 77, 'Nyamirama', NULL),
(365, 64, 'Bushobora', NULL),
(366, 64, 'Butiruka', NULL),
(367, 64, 'Kigabiro', NULL),
(368, 64, 'Nyagakombe', NULL),
(369, 64, 'Rurenge', NULL),
(370, 64, 'Rwarenga', NULL),
(371, 28, 'Bugarama', NULL),
(372, 28, 'Gihuta', NULL),
(373, 28, 'Kanyangese', NULL),
(374, 28, 'Matare', NULL),
(375, 28, 'Matunguru', NULL),
(376, 28, 'Remera', NULL),
(377, 80, 'Kiburara', NULL),
(378, 80, 'Munini', NULL),
(379, 80, 'Nyamatete', NULL),
(380, 80, 'Rwikiniro', NULL),
(381, 81, 'Karenge', NULL),
(382, 81, 'Kigabiro', NULL),
(383, 81, 'Kivumu', NULL),
(384, 81, 'Rwesero', NULL),
(385, 82, 'Bwisige', NULL),
(386, 82, 'Gihuke', NULL),
(387, 82, 'Mukono', NULL),
(388, 82, 'Nyabushingitwa', NULL),
(389, 83, 'Gacurabwenge', NULL),
(390, 83, 'Gisuna', NULL),
(391, 83, 'Kibali', NULL),
(392, 83, 'Kivugiza', NULL),
(393, 83, 'Murama', NULL),
(394, 83, 'Ngondore', NULL),
(395, 83, 'Nyakabungo', NULL),
(396, 83, 'Nyamabuye', NULL),
(397, 83, 'Nyarutarama', NULL),
(398, 84, 'Gasunzu', NULL),
(399, 84, 'Muhambo', NULL),
(400, 84, 'Nyakabungo', NULL),
(401, 84, 'Nyambare', NULL),
(402, 84, 'Nyaruka', NULL),
(403, 84, 'Rwankonjo', NULL),
(404, 85, 'Gatobotobo', NULL),
(405, 85, 'Murehe', NULL),
(406, 85, 'Tanda', NULL),
(407, 71, 'Gihembe', NULL),
(408, 71, 'Horezo', NULL),
(409, 71, 'Kabuga', NULL),
(410, 71, 'Muhondo', NULL),
(411, 71, 'Nyamiyaga', NULL),
(412, 87, 'Bugomba', NULL),
(413, 87, 'Gatoma', NULL),
(414, 87, 'Mulindi', NULL),
(415, 87, 'Nyarwambu', NULL),
(416, 87, 'Rukurura', NULL),
(417, 88, 'Kabuga', NULL),
(418, 88, 'Nyiragifumba', NULL),
(419, 88, 'Nyiravugiza', NULL),
(420, 88, 'Remera', NULL),
(421, 88, 'Rusekera', NULL),
(422, 88, 'Ryaruyumba', NULL),
(423, 89, 'Gakenke', NULL),
(424, 89, 'Miyove', NULL),
(425, 89, 'Mubuga', NULL),
(426, 90, 'Cyamuganga', NULL),
(427, 90, 'Gatenga', NULL),
(428, 90, 'Kiruhura', NULL),
(429, 90, 'Mutarama', NULL),
(430, 90, 'Rugerero', NULL),
(431, 90, 'Rusambya', NULL),
(432, 91, 'Cyamuhinda', NULL),
(433, 91, 'Kigoma', NULL),
(434, 91, 'Mwendo', NULL),
(435, 91, 'Ngange', NULL),
(436, 91, 'Rebero', NULL),
(437, 92, 'Gaseke', NULL),
(438, 92, 'Kabeza', NULL),
(439, 92, 'Musenyi', NULL),
(440, 92, 'Mutandi', NULL),
(441, 92, 'Nyarubuye', NULL),
(442, 93, 'Gahumuliza', NULL),
(443, 93, 'Jamba', NULL),
(444, 93, 'Kabeza', NULL),
(445, 93, 'Kabuga', NULL),
(446, 93, 'Karambo', NULL),
(447, 93, 'Kiziba', NULL),
(448, 93, 'Mataba', NULL),
(449, 94, 'Butare', NULL),
(450, 94, 'Kigogo', NULL),
(451, 94, 'Kinishya', NULL),
(452, 94, 'Rusasa', NULL),
(453, 94, 'Rutete', NULL),
(454, 94, 'Rwagihura', NULL),
(455, 94, 'Yaramba', NULL),
(456, 95, 'Gihanga', NULL),
(457, 95, 'Gishambashayo', NULL),
(458, 95, 'Gishari', NULL),
(459, 95, 'Muguramo', NULL),
(460, 95, 'Nyamiyaga', NULL),
(461, 96, 'Cyeya', NULL),
(462, 96, 'Cyuru', NULL),
(463, 96, 'Gisiza', NULL),
(464, 96, 'Kinyami', NULL),
(465, 96, 'Mabare', NULL),
(466, 96, 'Munyinya', NULL),
(467, 97, 'Gitega', NULL),
(468, 97, 'Kamutora', NULL),
(469, 97, 'Karurama', NULL),
(470, 98, 'Bikumba', NULL),
(471, 98, 'Gasharu', NULL),
(472, 98, 'Gatwaro', NULL),
(473, 98, 'Kigabiro', NULL),
(474, 98, 'Munanira', NULL),
(475, 98, 'Nkoto', NULL),
(476, 99, 'Cyandaro', NULL),
(477, 99, 'Gasambya', NULL),
(478, 99, 'Gashirira', NULL),
(479, 99, 'Kabare', NULL),
(480, 99, 'Rebero', NULL),
(481, 99, 'Ruhondo', NULL),
(482, 100, 'Cyeru', NULL),
(483, 100, 'Kigabiro', NULL),
(484, 100, 'Nyagahinga', NULL),
(485, 101, 'Bushara', NULL),
(486, 101, 'Kitazigurwa', NULL),
(487, 101, 'Nyabishambi', NULL),
(488, 101, 'Nyabubare', NULL),
(489, 101, 'Shangasha', NULL),
(490, 102, 'Cyiri', NULL),
(491, 102, 'Gasagara', NULL),
(492, 102, 'Gikonko', NULL),
(493, 102, 'Mbogo', NULL),
(494, 103, 'Gabiro', NULL),
(495, 103, 'Nyabitare', NULL),
(496, 103, 'Nyakibungo', NULL),
(497, 103, 'Nyeranzi', NULL),
(498, 104, 'Akaboti', NULL),
(499, 104, 'Bwiza', NULL),
(500, 104, 'Sabusaro', NULL),
(501, 104, 'Umunini', NULL),
(502, 105, 'Duwani', NULL),
(503, 105, 'Kibirizi', NULL),
(504, 105, 'Muyira', NULL),
(505, 105, 'Ruturo', NULL),
(506, 106, 'Agahabwa', NULL),
(507, 106, 'Gatovu', NULL),
(508, 106, 'Impinga', NULL),
(509, 106, 'Nyabikenke', NULL),
(510, 106, 'Rubona', NULL),
(511, 106, 'Rusagara', NULL),
(512, 107, 'Gakoma', NULL),
(513, 107, 'Kabumbwe', NULL),
(514, 107, 'Mamba', NULL),
(515, 107, 'Muyaga', NULL),
(516, 107, 'Ramba', NULL),
(517, 108, 'Cyumba', NULL),
(518, 108, 'Muganza', NULL),
(519, 108, 'Remera', NULL),
(520, 108, 'Rwamiko', NULL),
(521, 108, 'Saga', NULL),
(522, 109, 'Baziro', NULL),
(523, 109, 'Kibayi', NULL),
(524, 109, 'Kibu', NULL),
(525, 109, 'Mugombwa', NULL),
(526, 109, 'Mukomacara', NULL),
(527, 110, 'Gitega', NULL),
(528, 110, 'Mukiza', NULL),
(529, 110, 'Nyabisagara', NULL),
(530, 110, 'Runyinya', NULL),
(531, 111, 'Bukinanyana', NULL),
(532, 111, 'Gatovu', NULL),
(533, 111, 'Kigarama', NULL),
(534, 111, 'Kimana', NULL),
(535, 112, 'Bweya', NULL),
(536, 112, 'Cyamukuza', NULL),
(537, 112, 'Dahwe', NULL),
(538, 112, 'Gisagara', NULL),
(539, 112, 'Mukande', NULL),
(540, 113, 'Higiro', NULL),
(541, 113, 'Nyamugari', NULL),
(542, 113, 'Nyaruteja', NULL),
(543, 113, 'Umubanga', NULL),
(544, 114, 'Gatoki', NULL),
(545, 114, 'Munazi', NULL),
(546, 114, 'Rwanza', NULL),
(547, 114, 'Shyanda', NULL),
(548, 114, 'Zivu', NULL),
(549, 115, 'Nyakibanda', NULL),
(550, 115, 'Nyumba', NULL),
(551, 115, 'Ryakibogo', NULL),
(552, 115, 'Shori', NULL),
(553, 116, 'Muyogoro', NULL),
(554, 116, 'Nyakagezi', NULL),
(555, 116, 'Rukira', NULL),
(556, 116, 'Sovu', NULL),
(557, 117, 'Buhoro', NULL),
(558, 117, 'Bunazi', NULL),
(559, 117, 'Gahororo', NULL),
(560, 117, 'Kibingo', NULL),
(561, 117, 'Muhembe', NULL),
(562, 118, 'Gishihe', NULL),
(563, 118, 'Kabatwa', NULL),
(564, 118, 'Kabuga', NULL),
(565, 118, 'Karambi', NULL),
(566, 118, 'Musebeya', NULL),
(567, 118, 'Nyabisindu', NULL),
(568, 118, 'Rugarama', NULL),
(569, 118, 'Shanga', NULL),
(570, 119, 'Byinza', NULL),
(571, 119, 'Gahana', NULL),
(572, 119, 'Gitovu', NULL),
(573, 119, 'Kabona', NULL),
(574, 119, 'Sazange', NULL),
(575, 120, 'Buremera', NULL),
(576, 120, 'Gasumba', NULL),
(577, 120, 'Kabuye', NULL),
(578, 120, 'Kanyinya', NULL),
(579, 120, 'Shanga', NULL),
(580, 120, 'Shyembe', NULL),
(581, 121, 'Gatobotobo', NULL),
(582, 121, 'Kabuga', NULL),
(583, 121, 'Mutunda', NULL),
(584, 121, 'Mwulire', NULL),
(585, 121, 'Rugango', NULL),
(586, 121, 'Rusagara', NULL),
(587, 121, 'Tare', NULL),
(588, 122, 'Bukomeye', NULL),
(589, 122, 'Buvumu', NULL),
(590, 122, 'Icyeru', NULL),
(591, 122, 'Rango A', NULL),
(592, 123, 'Butare', NULL),
(593, 123, 'Kaburemera', NULL),
(594, 123, 'Matyazo', NULL),
(595, 123, 'Ngoma', NULL),
(596, 124, 'Busheshi', NULL),
(597, 124, 'Gatovu', NULL),
(598, 124, 'Karama', NULL),
(599, 124, 'Mara', NULL),
(600, 124, 'Muhororo', NULL),
(601, 124, 'Rugogwe', NULL),
(602, 124, 'Ruhashya', NULL),
(603, 125, 'Buhimba', NULL),
(604, 125, 'Gafumba', NULL),
(605, 125, 'Kimirehe', NULL),
(606, 125, 'Kimuna', NULL),
(607, 125, 'Kiruhura', NULL),
(608, 125, 'Mugogwe', NULL),
(609, 126, 'Gatwaro', NULL),
(610, 126, 'Kamwambi', NULL),
(611, 126, 'Kibiraro', NULL),
(612, 126, 'Mwendo', NULL),
(613, 126, 'Nyamabuye', NULL),
(614, 126, 'Nyaruhombo', NULL),
(615, 126, 'Shyunga', NULL),
(616, 127, 'Cyendajuru', NULL),
(617, 127, 'Gisakura', NULL),
(618, 127, 'Kabusanza', NULL),
(619, 127, 'Mugobore', NULL),
(620, 127, 'Nyangazi', NULL),
(621, 128, 'Cyarwa', NULL),
(622, 128, 'Cyimana', NULL),
(623, 128, 'Gitwa', NULL),
(624, 128, 'Mpare', NULL),
(625, 128, 'Rango B', NULL),
(626, 129, 'Gihinga', NULL),
(627, 129, 'Gihira', NULL),
(628, 129, 'Kigembe', NULL),
(629, 129, 'Nkingo', NULL),
(630, 117, 'Bitare', NULL),
(631, 117, 'Bunyonga', NULL),
(632, 117, 'Muganza', NULL),
(633, 117, 'Nyamirembe', NULL),
(634, 131, 'Bugarama', NULL),
(635, 131, 'Cubi', NULL),
(636, 131, 'Kayonza', NULL),
(637, 131, 'Kirwa', NULL),
(638, 131, 'Mataba', NULL),
(639, 131, 'Nyamirama', NULL),
(640, 132, 'Busoro', NULL),
(641, 132, 'Gaseke', NULL),
(642, 132, 'Giko', NULL),
(643, 132, 'Muyange', NULL),
(644, 133, 'Jenda', NULL),
(645, 133, 'Kabugondo', NULL),
(646, 133, 'Mbati', NULL),
(647, 133, 'Mugina', NULL),
(648, 133, 'Nteko', NULL),
(649, 134, 'Buhoro', NULL),
(650, 134, 'Cyambwe', NULL),
(651, 134, 'Karengera', NULL),
(652, 134, 'Kivumu', NULL),
(653, 134, 'Mpushi', NULL),
(654, 134, 'Rukambura', NULL),
(655, 135, 'Kabuga', NULL),
(656, 135, 'Kazirabonde', NULL),
(657, 135, 'Marembo', NULL),
(658, 93, 'Bibungo', NULL),
(659, 93, 'Kabashumba', NULL),
(660, 93, 'Kidahwe', NULL),
(661, 93, 'Mukinga', NULL),
(662, 93, 'Ngoma', NULL),
(663, 137, 'Gitare', NULL),
(664, 137, 'Kambyeyi', NULL),
(665, 137, 'Kigusa', NULL),
(666, 137, 'Nyagishubi', NULL),
(667, 137, 'Ruyanza', NULL),
(668, 138, 'Bihembe', NULL),
(669, 138, 'Kigese', NULL),
(670, 138, 'Masaka', NULL),
(671, 138, 'Nyarubuye', NULL),
(672, 138, 'Sheli', NULL),
(673, 139, 'Bugoba', NULL),
(674, 139, 'Buguri', NULL),
(675, 139, 'Gishyeshye', NULL),
(676, 139, 'Murehe', NULL),
(677, 139, 'Mwirute', NULL),
(678, 139, 'Remera', NULL),
(679, 139, 'Taba', NULL),
(680, 140, 'Gihara', NULL),
(681, 140, 'Kabagesera', NULL),
(682, 140, 'Kagina', NULL),
(683, 140, 'Muganza', NULL),
(684, 140, 'Ruyenzi', NULL),
(685, 141, 'Burunga', NULL),
(686, 141, 'Gasura', NULL),
(687, 141, 'Gitarama', NULL),
(688, 141, 'Kayenzi', NULL),
(689, 141, 'Kibuye', NULL),
(690, 141, 'Kiniha', NULL),
(691, 141, 'Nyarusazi', NULL),
(692, 142, 'Birambo', NULL),
(693, 142, 'Musasa', NULL),
(694, 142, 'Mwendo', NULL),
(695, 142, 'Rugobagoba', NULL),
(696, 142, 'Tongati', NULL),
(697, 143, 'Buhoro', NULL),
(698, 143, 'Cyanya', NULL),
(699, 143, 'Kigarama', NULL),
(700, 143, 'Munanira', NULL),
(701, 143, 'Musasa', NULL),
(702, 143, 'Ngoma', NULL),
(703, 144, 'Gasharu', NULL),
(704, 144, 'Gitega', NULL),
(705, 144, 'Kanunga', NULL),
(706, 144, 'Kirambo', NULL),
(707, 144, 'Munanira', NULL),
(708, 144, 'Nyamiringa', NULL),
(709, 144, 'Ruhinga', NULL),
(710, 144, 'Rwariro', NULL),
(711, 145, 'Kagabiro', NULL),
(712, 145, 'Murangara', NULL),
(713, 145, 'Nyagatovu', NULL),
(714, 145, 'Ryaruhanga', NULL),
(715, 75, 'Mubuga', NULL),
(716, 75, 'Muhororo', NULL),
(717, 75, 'Nkoto', NULL),
(718, 75, 'Nyarunyinya', NULL),
(719, 75, 'Shyembe', NULL),
(720, 147, 'Bukiro', NULL),
(721, 147, 'Kabaya', NULL),
(722, 147, 'Kamina', NULL),
(723, 147, 'Kareba', NULL),
(724, 147, 'Nyamushishi', NULL),
(725, 147, 'Nzaratsi', NULL),
(726, 148, 'Byogo', NULL),
(727, 148, 'Gasharu', NULL),
(728, 148, 'Gisayura', NULL),
(729, 148, 'Kanyege', NULL),
(730, 148, 'Kinyonzwe', NULL),
(731, 148, 'Murengezo', NULL),
(732, 148, 'Rwufi', NULL),
(733, 149, 'Bubazi', NULL),
(734, 149, 'Gacaca', NULL),
(735, 149, 'Gisanze', NULL),
(736, 149, 'Gitwa', NULL),
(737, 149, 'Kibirizi', NULL),
(738, 149, 'Mataba', NULL),
(739, 149, 'Nyarugenge', NULL),
(740, 149, 'Ruragwe', NULL),
(741, 150, 'Gisiza', NULL),
(742, 150, 'Gitega', NULL),
(743, 150, 'Gitovu', NULL),
(744, 150, 'Kabuga', NULL),
(745, 150, 'Mubuga', NULL),
(746, 150, 'Mucyimba', NULL),
(747, 150, 'Rufungo', NULL),
(748, 150, 'Rwungo', NULL),
(749, 150, 'Tyazo', NULL),
(750, 151, 'Biguhu', NULL),
(751, 151, 'Kabingo', NULL),
(752, 151, 'Kinyovu', NULL),
(753, 151, 'Kivumu', NULL),
(754, 151, 'Nyabikeri', NULL),
(755, 151, 'Nyamugwagwa', NULL),
(756, 151, 'Rubona', NULL),
(757, 151, 'Rugobagoba', NULL),
(758, 152, 'Bigugu', NULL),
(759, 152, 'Bisesero', NULL),
(760, 152, 'Gasata', NULL),
(761, 152, 'Munini', NULL),
(762, 152, 'Nyakamira', NULL),
(763, 152, 'Nyarusanga', NULL),
(764, 152, 'Rubazo', NULL),
(765, 152, 'Rubumba', NULL),
(766, 153, 'Bihumbe', NULL),
(767, 153, 'Gakuta', NULL),
(768, 153, 'Gisovu', NULL),
(769, 153, 'Gitabura', NULL),
(770, 153, 'Kavumu', NULL),
(771, 153, 'Murehe', NULL),
(772, 153, 'Rutabi', NULL),
(773, 154, 'Juru', NULL),
(774, 154, 'Kahi', NULL),
(775, 154, 'Kiyenzi', NULL),
(776, 154, 'Urugarama', NULL),
(777, 155, 'Cyarubare', NULL),
(778, 155, 'Gitara', NULL),
(779, 155, 'Kirehe', NULL),
(780, 155, 'Rubimba', NULL),
(781, 155, 'Rubumba', NULL),
(782, 156, 'Cyabajwa', NULL),
(783, 156, 'Cyinzovu', NULL),
(784, 156, 'Kabura', NULL),
(785, 156, 'Rusera', NULL),
(786, 90, 'Bwiza', NULL),
(787, 90, 'Kayonza', NULL),
(788, 90, 'Mburabuturo', NULL),
(789, 90, 'Nyagatovu', NULL),
(790, 90, 'Rugendabari', NULL),
(791, 158, 'Bunyentongo', NULL),
(792, 158, 'Muko', NULL),
(793, 158, 'Murama', NULL),
(794, 158, 'Nyakanazi', NULL),
(795, 158, 'Rusave', NULL),
(796, 147, 'Buhabwa', NULL),
(797, 147, 'Karambi', NULL),
(798, 147, 'Murundi', NULL),
(799, 147, 'Ryamanyoni', NULL),
(800, 160, 'Kageyo', NULL),
(801, 160, 'Migera', NULL),
(802, 160, 'Nyamugari', NULL),
(803, 160, 'Nyawera', NULL),
(804, 161, 'Byimana', NULL),
(805, 161, 'Isangano', NULL),
(806, 161, 'Karambi', NULL),
(807, 161, 'Kiyovu', NULL),
(808, 162, 'Gikaya', NULL),
(809, 162, 'Musumba', NULL),
(810, 162, 'Rurambi', NULL),
(811, 162, 'Shyogo', NULL),
(812, 163, 'Kawangire', NULL),
(813, 163, 'Rukara', NULL),
(814, 163, 'Rwimishinya', NULL),
(815, 164, 'Bugambira', NULL),
(816, 164, 'Nkamba', NULL),
(817, 164, 'Ruyonza', NULL),
(818, 164, 'Umubuga', NULL),
(819, 165, 'Gihinga', NULL),
(820, 165, 'Mbarara', NULL),
(821, 165, 'Mukoyoyo', NULL),
(822, 165, 'Nkondo', NULL),
(823, 166, 'Gahanga', NULL),
(824, 166, 'Kagasa', NULL),
(825, 166, 'Karembure', NULL),
(826, 166, 'Murinja', NULL),
(827, 166, 'Nunga', NULL),
(828, 166, 'Rwabutenge', NULL),
(829, 167, 'Gatenga', NULL),
(830, 167, 'Karambo', NULL),
(831, 167, 'Nyanza', NULL),
(832, 167, 'Nyarurama', NULL),
(833, 168, 'Kagunga', NULL),
(834, 168, 'Kanserege', NULL),
(835, 168, 'Kinunga', NULL),
(836, 169, 'Kanserege', NULL),
(837, 169, 'Muyange', NULL),
(838, 169, 'Rukatsa', NULL),
(839, 170, 'Busanza', NULL),
(840, 170, 'Kabeza', NULL),
(841, 170, 'Karama', NULL),
(842, 170, 'Rubirizi', NULL),
(843, 171, 'Gasharu', NULL),
(844, 171, 'Kagina', NULL),
(845, 171, 'Kicukiro', NULL),
(846, 171, 'Ngoma', NULL),
(847, 172, 'Bwerankori', NULL),
(848, 172, 'Karugira', NULL),
(849, 172, 'Kigarama', NULL),
(850, 172, 'Nyarurama', NULL),
(851, 172, 'Rwampara', NULL),
(852, 173, 'Ayabaraya', NULL),
(853, 173, 'Cyimo', NULL),
(854, 173, 'Gako', NULL),
(855, 173, 'Gitaraga', NULL),
(856, 173, 'Mbabe', NULL),
(857, 173, 'Rusheshe', NULL),
(858, 174, 'Gatare', NULL),
(859, 174, 'Niboye', NULL),
(860, 174, 'Nyakabanda', NULL),
(861, 175, 'Kamashashi', NULL),
(862, 175, 'Nonko', NULL),
(863, 175, 'Rwimbogo', NULL),
(864, 176, 'Butezi', NULL),
(865, 176, 'Muhamba', NULL),
(866, 176, 'Murehe', NULL),
(867, 176, 'Nyagasenyi', NULL),
(868, 176, 'Nyakagezi', NULL),
(869, 176, 'Rubimba', NULL),
(870, 177, 'Curazo', NULL),
(871, 177, 'Cyunuzi', NULL),
(872, 177, 'Muganza', NULL),
(873, 177, 'Nyamiryango', NULL),
(874, 177, 'Rwabutazi', NULL),
(875, 177, 'Rwantonde', NULL),
(876, 172, 'Cyanya', NULL),
(877, 172, 'Kigarama', NULL),
(878, 172, 'Kiremera', NULL),
(879, 172, 'Nyakerera', NULL),
(880, 172, 'Nyankurazo', NULL),
(881, 179, 'Gatarama', NULL),
(882, 179, 'Rugarama', NULL),
(883, 179, 'Ruhanga', NULL),
(884, 179, 'Rwanteru', NULL),
(885, 180, 'Gahama', NULL),
(886, 180, 'Kirehe', NULL),
(887, 180, 'Nyabigega', NULL),
(888, 180, 'Nyabikokora', NULL),
(889, 180, 'Rwesero', NULL),
(890, 181, 'Kamombo', NULL),
(891, 181, 'Munini', NULL),
(892, 181, 'Mwoga', NULL),
(893, 181, 'Saruhembe', NULL),
(894, 181, 'Umunini', NULL),
(895, 182, 'Bwiyorere', NULL),
(896, 182, 'Kankobwa', NULL),
(897, 182, 'Mpanga', NULL),
(898, 182, 'Mushongi', NULL),
(899, 182, 'Nasho', NULL),
(900, 182, 'Nyakabungo', NULL),
(901, 182, 'Rubaya', NULL),
(902, 183, 'Gasarabwayi', NULL),
(903, 183, 'Kabuga', NULL),
(904, 183, 'Mubuga', NULL),
(905, 183, 'Musaza', NULL),
(906, 183, 'Nganda', NULL),
(907, 184, 'Bisagara', NULL),
(908, 184, 'Cyamigurwa', NULL),
(909, 184, 'Rugarama', NULL),
(910, 184, 'Rwanyamuhanga', NULL),
(911, 184, 'Rwayikona', NULL),
(912, 185, 'Cyambwe', NULL),
(913, 185, 'Kagese', NULL),
(914, 185, 'Ntaruka', NULL),
(915, 185, 'Rubirizi', NULL),
(916, 185, 'Rugoma', NULL),
(917, 186, 'Bukora', NULL),
(918, 186, 'Kagasa', NULL),
(919, 186, 'Kazizi', NULL),
(920, 186, 'Kiyanzi', NULL),
(921, 186, 'Nyamugari', NULL),
(922, 187, 'Mareba', NULL),
(923, 187, 'Nyabitare', NULL),
(924, 187, 'Nyarutunga', NULL),
(925, 188, 'Biringaga', NULL),
(926, 188, 'Kigarama', NULL),
(927, 188, 'Kivumu', NULL),
(928, 188, 'Makera', NULL),
(929, 188, 'Nyarunyinya', NULL),
(930, 188, 'Shori', NULL),
(931, 189, 'Buramba', NULL),
(932, 189, 'Butare', NULL),
(933, 189, 'Kabuye', NULL),
(934, 189, 'Kavumu', NULL),
(935, 189, 'Kibyimba', NULL),
(936, 189, 'Ngarama', NULL),
(937, 189, 'Ngoma', NULL),
(938, 189, 'Sholi', NULL),
(939, 190, 'Gisharu', NULL),
(940, 190, 'Gitega', NULL),
(941, 190, 'Jurwe', NULL),
(942, 190, 'Mubuga', NULL),
(943, 190, 'Rubyiniro', NULL),
(944, 190, 'Ryakanimba', NULL),
(945, 191, 'Budende', NULL),
(946, 191, 'Ndago', NULL),
(947, 191, 'Remera', NULL),
(948, 191, 'Ruhina', NULL),
(949, 191, 'Rukeri', NULL),
(950, 192, 'Kanyinya', NULL),
(951, 192, 'Nganzo', NULL),
(952, 192, 'Nyamirama', NULL),
(953, 192, 'Remera', NULL),
(954, 192, 'Tyazo', NULL),
(955, 193, 'Matyazo', NULL),
(956, 193, 'Munazi', NULL),
(957, 193, 'Nyagasozi', NULL),
(958, 193, 'Rukaragata', NULL),
(959, 193, 'Rwasare', NULL),
(960, 193, 'Rwigerero', NULL),
(961, 194, 'Gashorera', NULL),
(962, 194, 'Masangano', NULL),
(963, 194, 'Mbuga', NULL),
(964, 194, 'Muvumba', NULL),
(965, 194, 'Nyarusozi', NULL),
(966, 195, 'Gahogo', NULL),
(967, 195, 'Gifumba', NULL),
(968, 195, 'Gitarama', NULL),
(969, 195, 'Remera', NULL),
(970, 196, 'Mbiriri', NULL),
(971, 196, 'Musongati', NULL),
(972, 196, 'Ngaru', NULL),
(973, 196, 'Rusovu', NULL),
(974, 197, 'Gasagara', NULL),
(975, 197, 'Gasharu', NULL),
(976, 197, 'Karambo', NULL),
(977, 197, 'Nyamirambo', NULL),
(978, 197, 'Ruhango', NULL),
(979, 198, 'Gasave', NULL),
(980, 198, 'Kanyana', NULL),
(981, 198, 'Kibaga', NULL),
(982, 198, 'Mpinga', NULL),
(983, 198, 'Nsanga', NULL),
(984, 199, 'Kinini', NULL),
(985, 199, 'Mbare', NULL),
(986, 199, 'Mubuga', NULL),
(987, 199, 'Ruli', NULL),
(988, 200, 'Gisesero', NULL),
(989, 200, 'Kavumu', NULL),
(990, 200, 'Nyagisozi', NULL),
(991, 200, 'Sahara', NULL),
(992, 201, 'Bukinanyana', NULL),
(993, 201, 'Buruba', NULL),
(994, 201, 'Cyanya', NULL),
(995, 201, 'Kabeza', NULL),
(996, 201, 'Migeshi', NULL),
(997, 201, 'Rwebeya', NULL),
(998, 202, 'Gakoro', NULL),
(999, 202, 'Gasakuza', NULL),
(1000, 202, 'Kabirizi', NULL),
(1001, 202, 'Karwasa', NULL),
(1002, 203, 'Kigabiro', NULL),
(1003, 203, 'Kivumu', NULL),
(1004, 203, 'Mbwe', NULL),
(1005, 203, 'Muharuro', NULL),
(1006, 204, 'Mudakama', NULL),
(1007, 204, 'Murago', NULL),
(1008, 204, 'Rubindi', NULL),
(1009, 204, 'Rungu', NULL),
(1010, 205, 'Birira', NULL),
(1011, 205, 'Buramira', NULL),
(1012, 205, 'Kivumu', NULL),
(1013, 205, 'Mbizi', NULL),
(1014, 206, 'Bisoke', NULL),
(1015, 206, 'Kaguhu', NULL),
(1016, 206, 'Kampanga', NULL),
(1017, 206, 'Nyabigoma', NULL),
(1018, 206, 'Nyonirima', NULL),
(1019, 207, 'Cyabararika', NULL),
(1020, 207, 'Kigombe', NULL),
(1021, 207, 'Mpenge', NULL),
(1022, 207, 'Ruhengeri', NULL),
(1023, 91, 'Cyivugiza', NULL),
(1024, 91, 'Cyogo', NULL),
(1025, 91, 'Mburabuturo', NULL),
(1026, 91, 'Songa', NULL),
(1027, 209, 'Cyabagarura', NULL),
(1028, 209, 'Garuka', NULL),
(1029, 209, 'Kabazungu', NULL),
(1030, 209, 'Nyarubuye', NULL),
(1031, 209, 'Rwambogo', NULL),
(1032, 210, 'Bikara', NULL),
(1033, 210, 'Gashinga', NULL),
(1034, 210, 'Mubago', NULL),
(1035, 210, 'Rugeshi', NULL),
(1036, 210, 'Ruyumba', NULL),
(1037, 211, 'Cyivugiza', NULL),
(1038, 211, 'Kabeza', NULL),
(1039, 211, 'Kamwumba', NULL),
(1040, 211, 'Muhabura', NULL),
(1041, 211, 'Ninda', NULL),
(1042, 64, 'Gasongero', NULL),
(1043, 64, 'Kamisave', NULL),
(1044, 64, 'Murandi', NULL),
(1045, 64, 'Murwa', NULL),
(1046, 64, 'Rurambo', NULL),
(1047, 213, 'Bumara', NULL),
(1048, 213, 'Kabushinge', NULL),
(1049, 213, 'Musezero', NULL),
(1050, 213, 'Nturo', NULL),
(1051, 213, 'Nyarubuye', NULL),
(1052, 214, 'Gakingo', NULL),
(1053, 214, 'Kibuguzo', NULL),
(1054, 214, 'Mudende', NULL),
(1055, 214, 'Mugari', NULL),
(1056, 215, 'Cyerwa', NULL),
(1057, 215, 'Giseri', NULL),
(1058, 215, 'Munege', NULL),
(1059, 215, 'Mutsindo', NULL),
(1060, 216, 'Ihanika', NULL),
(1061, 216, 'Jarama', NULL),
(1062, 216, 'Karenge', NULL),
(1063, 216, 'Kibimba', NULL),
(1064, 216, 'Kigoma', NULL),
(1065, 217, 'Akaziba', NULL),
(1066, 217, 'Karaba', NULL),
(1067, 217, 'Nyamirambo', NULL),
(1068, 218, 'Birenga', NULL),
(1069, 218, 'Gahurire', NULL),
(1070, 218, 'Karama', NULL),
(1071, 218, 'Kinyonzo', NULL),
(1072, 218, 'Umukamba', NULL),
(1073, 219, 'Cyasemakamba', NULL),
(1074, 219, 'Gahima', NULL),
(1075, 219, 'Gatonde', NULL),
(1076, 219, 'Karenge', NULL),
(1077, 219, 'Mahango', NULL),
(1078, 220, 'Akabungo', NULL),
(1079, 220, 'Mugatare', NULL),
(1080, 220, 'Ntanga', NULL),
(1081, 220, 'Nyamugari', NULL),
(1082, 220, 'Nyange', NULL),
(1083, 158, 'Gitaraga', NULL),
(1084, 158, 'Kigabiro', NULL),
(1085, 158, 'Mvumba', NULL),
(1086, 158, 'Rurenge', NULL),
(1087, 158, 'Sakara', NULL),
(1088, 222, 'Karwema', NULL),
(1089, 222, 'Kibare', NULL),
(1090, 222, 'Mutenderi', NULL),
(1091, 222, 'Muzingira', NULL),
(1092, 222, 'Nyagasozi', NULL),
(1093, 64, 'Bugera', NULL),
(1094, 64, 'Kinunga', NULL),
(1095, 64, 'Ndekwe', NULL),
(1096, 64, 'Nyamagana', NULL),
(1097, 224, 'Buliba', NULL),
(1098, 224, 'Kibatsi', NULL),
(1099, 224, 'Nyaruvumu', NULL),
(1100, 224, 'Nyinya', NULL),
(1101, 225, 'Gituza', NULL),
(1102, 225, 'Ntovi', NULL),
(1103, 225, 'Rubago', NULL),
(1104, 225, 'Rubona', NULL),
(1105, 225, 'Rwintashya', NULL),
(1106, 226, 'Akagarama', NULL),
(1107, 226, 'Muhurire', NULL),
(1108, 226, 'Musya', NULL),
(1109, 226, 'Rugese', NULL),
(1110, 226, 'Rujambara', NULL),
(1111, 226, 'Rwikubo', NULL),
(1112, 227, 'Gafunzo', NULL),
(1113, 227, 'Kibonde', NULL),
(1114, 227, 'Nkanga', NULL),
(1115, 227, 'Rukoma', NULL),
(1116, 228, 'Nyagasozi', NULL),
(1117, 228, 'Nyagatugunda', NULL),
(1118, 228, 'Ruhembe', NULL),
(1119, 228, 'Ruhinga', NULL),
(1120, 229, 'Bungwe', NULL),
(1121, 229, 'Cyahafi', NULL),
(1122, 229, 'Gashubi', NULL),
(1123, 229, 'Kabarondo', NULL),
(1124, 229, 'Ruhindage', NULL),
(1125, 230, 'Cyome', NULL),
(1126, 230, 'Gatsibo', NULL),
(1127, 230, 'Kamasiga', NULL),
(1128, 230, 'Karambo', NULL),
(1129, 230, 'Ruhanga', NULL),
(1130, 230, 'Rusumo', NULL),
(1131, 231, 'Gatare', NULL),
(1132, 231, 'Gatega', NULL),
(1133, 231, 'Kajinge', NULL),
(1134, 231, 'Marantima', NULL),
(1135, 231, 'Rugendabari', NULL),
(1136, 231, 'Runyinya', NULL),
(1137, 232, 'Busunzu', NULL),
(1138, 232, 'Gaseke', NULL),
(1139, 232, 'Kabaya', NULL),
(1140, 232, 'Mwendo', NULL),
(1141, 232, 'Ngoma', NULL),
(1142, 232, 'Nyenyeri', NULL),
(1143, 71, 'Kageshi', NULL),
(1144, 71, 'Kirwa', NULL),
(1145, 71, 'Mukore', NULL),
(1146, 71, 'Muramba', NULL),
(1147, 71, 'Nyamata', NULL),
(1148, 71, 'Rwamamara', NULL),
(1149, 234, 'Birembo', NULL),
(1150, 234, 'Gitwa', NULL),
(1151, 234, 'Murinzi', NULL),
(1152, 234, 'Nyamugeyo', NULL),
(1153, 234, 'Rugeshi', NULL),
(1154, 234, 'Tetero', NULL),
(1155, 235, 'Binana', NULL),
(1156, 235, 'Gitega', NULL),
(1157, 235, 'Matare', NULL),
(1158, 235, 'Rutare', NULL),
(1159, 235, 'Rwamiko', NULL),
(1160, 236, 'Bugarura', NULL),
(1161, 236, 'Gasiza', NULL),
(1162, 236, 'Mashya', NULL),
(1163, 236, 'Nganzo', NULL),
(1164, 236, 'Ngoma', NULL),
(1165, 236, 'Rutagara', NULL),
(1166, 237, 'Bweramana', NULL),
(1167, 237, 'Mubuga', NULL),
(1168, 237, 'Myiha', NULL),
(1169, 237, 'Rugogwe', NULL),
(1170, 237, 'Rusororo', NULL),
(1171, 237, 'Sanza', NULL),
(1172, 238, 'Bijyojyo', NULL),
(1173, 238, 'Bitabage', NULL),
(1174, 238, 'Kabageshi', NULL),
(1175, 238, 'Kibanda', NULL),
(1176, 238, 'Kinyovi', NULL),
(1177, 239, 'Kaseke', NULL),
(1178, 239, 'Kazabe', NULL),
(1179, 239, 'Mugano', NULL),
(1180, 239, 'Nyange', NULL),
(1181, 239, 'Rususa', NULL),
(1182, 239, 'Torero', NULL),
(1183, 211, 'Bambiro', NULL),
(1184, 211, 'Gaseke', NULL),
(1185, 211, 'Nsibo', NULL),
(1186, 211, 'Vuganyana', NULL),
(1187, 241, 'Birembo', NULL),
(1188, 241, 'Kagano', NULL),
(1189, 241, 'Kanyana', NULL),
(1190, 241, 'Musenyi', NULL),
(1191, 241, 'Nyabipfura', NULL),
(1192, 241, 'Rutovu', NULL),
(1193, 242, 'Arusha', NULL),
(1194, 242, 'Basumba', NULL),
(1195, 242, 'Kijote', NULL),
(1196, 242, 'Kora', NULL),
(1197, 242, 'Muhe', NULL),
(1198, 242, 'Rega', NULL),
(1199, 243, 'Bukinanyana', NULL),
(1200, 243, 'Gasizi', NULL),
(1201, 243, 'Kabatezi', NULL),
(1202, 243, 'Kareba', NULL),
(1203, 243, 'Nyirakigugu', NULL),
(1204, 243, 'Rega', NULL),
(1205, 244, 'Gasiza', NULL),
(1206, 244, 'Gasura', NULL),
(1207, 244, 'Gisizi', NULL),
(1208, 244, 'Guriro', NULL),
(1209, 244, 'Kavumu', NULL),
(1210, 244, 'Nyamitanzi', NULL),
(1211, 245, 'Batikoti', NULL),
(1212, 245, 'Cyamvumba', NULL),
(1213, 245, 'Gihorwe', NULL),
(1214, 245, 'Myuga', NULL),
(1215, 245, 'Ngando', NULL),
(1216, 245, 'Rugarama', NULL),
(1217, 246, 'Busoro', NULL),
(1218, 246, 'Cyamabuye', NULL),
(1219, 246, 'Gatagara', NULL),
(1220, 246, 'Gihirwa', NULL),
(1221, 246, 'Kadahenda', NULL),
(1222, 246, 'Karengera', NULL),
(1223, 247, 'Gatovu', NULL),
(1224, 247, 'Kintobo', NULL),
(1225, 247, 'Nyagisozi', NULL),
(1226, 247, 'Nyamugari', NULL),
(1227, 247, 'Rukondo', NULL),
(1228, 247, 'Ryinyo', NULL),
(1229, 248, 'Gasizi', NULL),
(1230, 248, 'Jaba', NULL),
(1231, 248, 'Kanyove', NULL),
(1232, 248, 'Rubaya', NULL),
(1233, 248, 'Rugeshi', NULL),
(1234, 248, 'Rukoma', NULL),
(1235, 248, 'Rurengeri', NULL),
(1236, 249, 'Gisizi', NULL),
(1237, 249, 'Mulinga', NULL),
(1238, 249, 'Mwiyanike', NULL),
(1239, 249, 'Nkomane', NULL),
(1240, 249, 'Nyamasheke', NULL),
(1241, 249, 'Rwantobo', NULL),
(1242, 250, 'Birembo', NULL),
(1243, 250, 'Guriro', NULL),
(1244, 250, 'Kibisabo', NULL),
(1245, 250, 'Mutaho', NULL),
(1246, 250, 'Nyundo', NULL),
(1247, 250, 'Rugamba', NULL),
(1248, 251, 'Gakoro', NULL),
(1249, 251, 'Marangara', NULL),
(1250, 251, 'Nyagahondo', NULL),
(1251, 251, 'Nyarutembe', NULL),
(1252, 251, 'Rurembo', NULL),
(1253, 251, 'Tyazo', NULL),
(1254, 252, 'Gahondo', NULL),
(1255, 252, 'Gitega', NULL),
(1256, 252, 'Kirimbogo', NULL),
(1257, 252, 'Murambi', NULL),
(1258, 252, 'Mwana', NULL),
(1259, 252, 'Rwaza', NULL),
(1260, 253, 'Cyimanzovu', NULL),
(1261, 253, 'Kanyamitana', NULL),
(1262, 253, 'Kintarure', NULL),
(1263, 253, 'Mpinga', NULL),
(1264, 253, 'Mutanda', NULL),
(1265, 253, 'Shaki', NULL),
(1266, 254, 'Cyagaju', NULL),
(1267, 254, 'Kabeza', NULL),
(1268, 254, 'Nyamikamba', NULL),
(1269, 254, 'Nyamirembe', NULL),
(1270, 254, 'Nyangara', NULL),
(1271, 254, 'Nyarurema', NULL),
(1272, 254, 'Rwensheke', NULL),
(1273, 117, 'Bushara', NULL),
(1274, 117, 'Cyenkwanzi', NULL),
(1275, 117, 'Gikagati', NULL),
(1276, 117, 'Gikundamvura', NULL),
(1277, 117, 'Kabuga', NULL),
(1278, 117, 'Ndego', NULL),
(1279, 117, 'Nyakiga', NULL),
(1280, 256, 'Kamate', NULL),
(1281, 256, 'Karama', NULL),
(1282, 256, 'Kizirakome', NULL),
(1283, 256, 'Mbare', NULL),
(1284, 256, 'Musenyi', NULL),
(1285, 256, 'Ndama', NULL),
(1286, 256, 'Nyagashanga', NULL),
(1287, 256, 'Nyamirama', NULL),
(1288, 256, 'Rubagabaga', NULL),
(1289, 256, 'Rwenyemera', NULL),
(1290, 256, 'Rwisirabo', NULL),
(1291, 257, 'Bayigaburire', NULL),
(1292, 257, 'Kaduha', NULL),
(1293, 257, 'Kanyeganyege', NULL),
(1294, 257, 'Katabagemu', NULL),
(1295, 257, 'Kigarama', NULL),
(1296, 257, 'Nyakigando', NULL),
(1297, 257, 'Rubira', NULL),
(1298, 257, 'Rugazi', NULL),
(1299, 257, 'Rutoma', NULL),
(1300, 258, 'Gataba', NULL),
(1301, 258, 'Gitenga', NULL),
(1302, 258, 'Kabungo', NULL),
(1303, 258, 'Karambo', NULL),
(1304, 258, 'Karujumba', NULL),
(1305, 258, 'Tovu', NULL),
(1306, 259, 'Bwera', NULL),
(1307, 259, 'Byimana', NULL),
(1308, 259, 'Cyembogo', NULL),
(1309, 259, 'Kagitumba', NULL),
(1310, 259, 'Kanyonza', NULL),
(1311, 259, 'Matimba', NULL),
(1312, 259, 'Nyabwishongwezi', NULL),
(1313, 259, 'Rwentanga', NULL),
(1314, 260, 'Bibare', NULL),
(1315, 260, 'Gakoma', NULL),
(1316, 260, 'Mahoro', NULL),
(1317, 260, 'Mimuri', NULL),
(1318, 260, 'Rugari', NULL),
(1319, 261, 'Bufunda', NULL),
(1320, 261, 'Gatete', NULL),
(1321, 261, 'Gihengeri', NULL),
(1322, 261, 'Gishororo', NULL),
(1323, 261, 'Kagina', NULL),
(1324, 261, 'Rugarama', NULL),
(1325, 262, 'Kibirizi', NULL),
(1326, 262, 'Kijojo', NULL),
(1327, 262, 'Musheri', NULL),
(1328, 262, 'Ntoma', NULL),
(1329, 262, 'Nyagatabire', NULL),
(1330, 262, 'Nyamiyonga', NULL),
(1331, 262, 'Rugarama I', NULL),
(1332, 262, 'Rugarama II', NULL),
(1333, 263, 'Barija', NULL),
(1334, 263, 'Bushoga', NULL),
(1335, 263, 'Cyabayaga', NULL),
(1336, 263, 'Gakirage', NULL),
(1337, 263, 'Kamagiri', NULL),
(1338, 263, 'Nsheke', NULL),
(1339, 263, 'Nyagatare', NULL),
(1340, 263, 'Rutaraka', NULL),
(1341, 263, 'Ryabega', NULL),
(1342, 96, 'Gahurura', NULL),
(1343, 96, 'Gashenyi', NULL),
(1344, 96, 'Nyakagarama', NULL),
(1345, 96, 'Rukomo II', NULL),
(1346, 96, 'Rurenge', NULL),
(1347, 265, 'Cyenjonjo', NULL),
(1348, 265, 'Gasinga', NULL),
(1349, 265, 'Kabare', NULL),
(1350, 265, 'Kazaza', NULL),
(1351, 265, 'Mishenyi', NULL),
(1352, 265, 'Rugarama', NULL),
(1353, 265, 'Rukorota', NULL),
(1354, 265, 'Rutare', NULL),
(1355, 265, 'Rwempasha', NULL),
(1356, 265, 'Ryeru', NULL),
(1357, 266, 'Gacundezi', NULL),
(1358, 266, 'Kabeza', NULL),
(1359, 266, 'Kirebe', NULL),
(1360, 266, 'Ntoma', NULL),
(1361, 266, 'Nyarupfubire', NULL),
(1362, 266, 'Nyendo', NULL),
(1363, 266, 'Rutungu', NULL),
(1364, 266, 'Rwimiyaga', NULL),
(1365, 267, 'Gishuro', NULL),
(1366, 267, 'Gitengure', NULL),
(1367, 267, 'Nkoma', NULL),
(1368, 267, 'Nyabitekeri', NULL),
(1369, 267, 'Nyagatoma', NULL),
(1370, 267, 'Shonga', NULL),
(1371, 267, 'Tabagwe', NULL),
(1372, 268, 'Bushigishigi', NULL),
(1373, 268, 'Byimana', NULL),
(1374, 268, 'Gifurwe', NULL),
(1375, 268, 'Kizimyamuriro', NULL),
(1376, 268, 'Munini', NULL),
(1377, 268, 'Rambya', NULL),
(1378, 18, 'Gitega', NULL),
(1379, 18, 'Karama', NULL),
(1380, 18, 'Kiyumba', NULL),
(1381, 18, 'Ngoma', NULL),
(1382, 18, 'Nyanza', NULL),
(1383, 18, 'Nyanzoga', NULL),
(1384, 270, 'Kigeme', NULL),
(1385, 270, 'Ngiryi', NULL),
(1386, 270, 'Nyabivumu', NULL),
(1387, 270, 'Nyamugari', NULL),
(1388, 270, 'Nzega', NULL),
(1389, 270, 'Remera', NULL),
(1390, 271, 'Bakopfu', NULL),
(1391, 271, 'Gatare', NULL),
(1392, 271, 'Mukongoro', NULL),
(1393, 271, 'Ruganda', NULL),
(1394, 271, 'Shyeru', NULL),
(1395, 272, 'Kavumu', NULL),
(1396, 272, 'Murambi', NULL),
(1397, 272, 'Musenyi', NULL),
(1398, 272, 'Nyabisindu', NULL),
(1399, 272, 'Nyamiyaga', NULL),
(1400, 273, 'Bwama', NULL),
(1401, 273, 'Kamegeri', NULL),
(1402, 273, 'Kirehe', NULL),
(1403, 273, 'Kizi', NULL),
(1404, 273, 'Nyarusiza', NULL),
(1405, 273, 'Rususa', NULL),
(1406, 105, 'Bugarama', NULL),
(1407, 105, 'Bugarura', NULL),
(1408, 105, 'Gashiha', NULL),
(1409, 105, 'Karambo', NULL),
(1410, 105, 'Ruhunga', NULL),
(1411, 105, 'Uwindekezi', NULL),
(1412, 275, 'Bwenda', NULL),
(1413, 275, 'Gakanka', NULL),
(1414, 275, 'Kibibi', NULL),
(1415, 275, 'Nyakiza', NULL),
(1416, 276, 'Kagano', NULL),
(1417, 276, 'Mujuga', NULL),
(1418, 276, 'Mukungu', NULL),
(1419, 276, 'Shaba', NULL),
(1420, 276, 'Uwingugu', NULL),
(1421, 121, 'Manwari', NULL),
(1422, 121, 'Mutiwingoma', NULL),
(1423, 121, 'Ngambi', NULL),
(1424, 121, 'Ngara', NULL),
(1425, 278, 'Gitondorero', NULL),
(1426, 278, 'Gitwa', NULL),
(1427, 278, 'Ruhinga', NULL),
(1428, 278, 'Sovu', NULL),
(1429, 278, 'Suti', NULL),
(1430, 278, 'Yonde', NULL),
(1431, 279, 'Gasave', NULL),
(1432, 279, 'Jenda', NULL),
(1433, 279, 'Masagara', NULL),
(1434, 279, 'Masangano', NULL),
(1435, 279, 'Masizi', NULL),
(1436, 279, 'Nyagisozi', NULL),
(1437, 280, 'Gatovu', NULL),
(1438, 280, 'Nyarurambi', NULL),
(1439, 280, 'Rugano', NULL),
(1440, 280, 'Runege', NULL),
(1441, 280, 'Rusekera', NULL),
(1442, 280, 'Sekera', NULL),
(1443, 281, 'Buteteri', NULL),
(1444, 281, 'Cyobe', NULL),
(1445, 281, 'Gashwati', NULL),
(1446, 282, 'Bitandara', NULL),
(1447, 282, 'Musaraba', NULL),
(1448, 282, 'Mutengeri', NULL),
(1449, 282, 'Nkomane', NULL),
(1450, 282, 'Nyarwungo', NULL),
(1451, 282, 'Twiya', NULL),
(1452, 283, 'Buhoro', NULL),
(1453, 283, 'Gasarenda', NULL),
(1454, 283, 'Gatovu', NULL),
(1455, 283, 'Kaganza', NULL),
(1456, 283, 'Nkumbure', NULL),
(1457, 283, 'Nyamigina', NULL),
(1458, 284, 'Bigumira', NULL),
(1459, 284, 'Gahira', NULL),
(1460, 284, 'Kibyagira', NULL),
(1461, 284, 'Mudasomwa', NULL),
(1462, 284, 'Munyege', NULL),
(1463, 284, 'Rugogwe', NULL),
(1464, 285, 'Buvungira', NULL),
(1465, 285, 'Mpumbu', NULL),
(1466, 285, 'Ngoma', NULL),
(1467, 285, 'Nyarusange', NULL),
(1468, 286, 'Gasheke', NULL),
(1469, 286, 'Impala', NULL),
(1470, 286, 'Kagatamu', NULL),
(1471, 286, 'Karusimbi', NULL),
(1472, 287, 'Bisumo', NULL),
(1473, 287, 'Murambi', NULL),
(1474, 287, 'Mutongo', NULL),
(1475, 287, 'Rugari', NULL),
(1476, 288, 'Butare', NULL),
(1477, 288, 'Gitwa', NULL),
(1478, 288, 'Jarama', NULL),
(1479, 288, 'Kibingo', NULL),
(1480, 288, 'Mubuga', NULL),
(1481, 289, 'Gako', NULL),
(1482, 289, 'Mubumbano', NULL),
(1483, 289, 'Ninzi', NULL),
(1484, 289, 'Rwesero', NULL),
(1485, 289, 'Shara', NULL),
(1486, 290, 'Kibogora', NULL),
(1487, 290, 'Kigarama', NULL),
(1488, 290, 'Kigoya', NULL),
(1489, 290, 'Raro', NULL),
(1490, 290, 'Susa', NULL),
(1491, 291, 'Gasovu', NULL),
(1492, 291, 'Gitwe', NULL),
(1493, 291, 'Kabuga', NULL),
(1494, 291, 'Kagarama', NULL),
(1495, 291, 'Rushyarara', NULL),
(1496, 292, 'Gasayo', NULL),
(1497, 292, 'Gashashi', NULL),
(1498, 292, 'Higiro', NULL),
(1499, 292, 'Miko', NULL),
(1500, 292, 'Mwezi', NULL),
(1501, 293, 'Cyimpindu', NULL),
(1502, 293, 'Karengera', NULL),
(1503, 293, 'Muhororo', NULL),
(1504, 293, 'Nyarusange', NULL),
(1505, 294, 'Gatare', NULL),
(1506, 294, 'Mutongo', NULL),
(1507, 294, 'Nyakabingo', NULL),
(1508, 294, 'Rugari', NULL),
(1509, 294, 'Vugangoma', NULL),
(1510, 295, 'Gisoke', NULL),
(1511, 295, 'Kagarama', NULL),
(1512, 295, 'Nyagatare', NULL),
(1513, 295, 'Nyakavumu', NULL),
(1514, 296, 'Kigabiro', NULL),
(1515, 296, 'Kinunga', NULL),
(1516, 296, 'Mariba', NULL),
(1517, 296, 'Muyange', NULL),
(1518, 296, 'Ntango', NULL),
(1519, 297, 'Banda', NULL),
(1520, 297, 'Gakenke', NULL),
(1521, 297, 'Jurwe', NULL),
(1522, 297, 'Murambi', NULL),
(1523, 298, 'Kanazi', NULL),
(1524, 298, 'Ntendezi', NULL),
(1525, 298, 'Save', NULL),
(1526, 298, 'Wimana', NULL),
(1527, 299, 'Burimba', NULL),
(1528, 299, 'Mataba', NULL),
(1529, 299, 'Mugera', NULL),
(1530, 299, 'Nyamugari', NULL),
(1531, 299, 'Shangi', NULL),
(1532, 300, 'Gahondo', NULL),
(1533, 300, 'Kavumu', NULL),
(1534, 300, 'Kibinja', NULL),
(1535, 300, 'Nyanza', NULL),
(1536, 300, 'Rwesero', NULL),
(1537, 301, 'Gitovu', NULL),
(1538, 301, 'Kimirama', NULL),
(1539, 301, 'Masangano', NULL),
(1540, 301, 'Munyinya', NULL),
(1541, 301, 'Rukingiro', NULL),
(1542, 301, 'Shyira', NULL),
(1543, 302, 'Kadaho', NULL),
(1544, 302, 'Karama', NULL),
(1545, 302, 'Nyabinyenga', NULL),
(1546, 302, 'Nyarurama', NULL),
(1547, 302, 'Rubona', NULL),
(1548, 303, 'Cyeru', NULL),
(1549, 303, 'Mbuye', NULL),
(1550, 303, 'Mututu', NULL),
(1551, 303, 'Rwotso', NULL),
(1552, 118, 'Butansinda', NULL),
(1553, 118, 'Butara', NULL),
(1554, 118, 'Gahombo', NULL),
(1555, 118, 'Gasoro', NULL),
(1556, 118, 'Mulinja', NULL),
(1557, 305, 'Cyerezo', NULL),
(1558, 305, 'Gatagara', NULL),
(1559, 305, 'Kiruli', NULL),
(1560, 305, 'Mpanga', NULL),
(1561, 305, 'Ngwa', NULL),
(1562, 305, 'Nkomero', NULL),
(1563, 306, 'Gati', NULL),
(1564, 306, 'Migina', NULL),
(1565, 306, 'Nyamiyaga', NULL),
(1566, 306, 'Nyamure', NULL),
(1567, 306, 'Nyundo', NULL),
(1568, 307, 'Bugali', NULL),
(1569, 307, 'Cyotamakara', NULL),
(1570, 307, 'Kagunga', NULL),
(1571, 307, 'Katarara', NULL),
(1572, 308, 'Gahunga', NULL),
(1573, 308, 'Kabirizi', NULL),
(1574, 308, 'Kabuga', NULL),
(1575, 308, 'Kirambi', NULL),
(1576, 308, 'Rurangazi', NULL),
(1577, 309, 'Gacu', NULL),
(1578, 309, 'Gishike', NULL),
(1579, 309, 'Mubuga', NULL),
(1580, 309, 'Mushirarungu', NULL),
(1581, 309, 'Nyarusange', NULL),
(1582, 309, 'Runga', NULL),
(1583, 310, 'Akabahizi', NULL),
(1584, 310, 'Akabeza', NULL),
(1585, 310, 'Gacyamo', NULL),
(1586, 310, 'Kigarama', NULL),
(1587, 310, 'Kinyange', NULL),
(1588, 310, 'Kora', NULL),
(1589, 311, 'Nyamweru', NULL),
(1590, 311, 'Nzove', NULL),
(1591, 311, 'Taba', NULL),
(1592, 312, 'Kigali', NULL),
(1593, 312, 'Mwendo', NULL),
(1594, 312, 'Nyabugogo', NULL),
(1595, 312, 'Ruriba', NULL),
(1596, 312, 'Rwesero', NULL),
(1597, 313, 'Kamuhoza', NULL),
(1598, 313, 'Katabaro', NULL),
(1599, 313, 'Kimisagara', NULL),
(1600, 314, 'Kankuba', NULL),
(1601, 314, 'Kavumu', NULL),
(1602, 314, 'Mataba', NULL),
(1603, 314, 'Ntungamo', NULL),
(1604, 314, 'Nyarufunzo', NULL),
(1605, 314, 'Nyarurenzi', NULL),
(1606, 314, 'Runzenze', NULL),
(1607, 315, 'Amahoro', NULL),
(1608, 315, 'Kabasengerezi', NULL),
(1609, 315, 'Kabeza', NULL),
(1610, 315, 'Nyabugogo', NULL),
(1611, 315, 'Rugenge', NULL),
(1612, 315, 'Tetero', NULL),
(1613, 315, 'Ubumwe', NULL),
(1614, 316, 'Munanira I', NULL),
(1615, 316, 'Munanira II', NULL),
(1616, 316, 'Nyakabanda I', NULL),
(1617, 316, 'Nyakabanda II', NULL),
(1618, 317, 'Cyivugiza', NULL),
(1619, 317, 'Gasharu', NULL),
(1620, 317, 'Mumena', NULL),
(1621, 317, 'Rugarama', NULL),
(1622, 11, 'Agatare', NULL),
(1623, 11, 'Biryogo', NULL),
(1624, 11, 'Kiyovu', NULL),
(1625, 11, 'Rwampara', NULL),
(1626, 319, 'Kabuguru I', NULL),
(1627, 319, 'Kabuguru II', NULL),
(1628, 319, 'Rwezamenyo I', NULL),
(1629, 319, 'Rwezamenyo II', NULL),
(1630, 320, 'Kirarangombe', NULL),
(1631, 320, 'Nkanda', NULL),
(1632, 320, 'Nteko', NULL),
(1633, 320, 'Runyombyi', NULL),
(1634, 320, 'Shororo', NULL),
(1635, 321, 'Coko', NULL),
(1636, 321, 'Cyahinda', NULL),
(1637, 321, 'Gasasa', NULL),
(1638, 321, 'Muhambara', NULL),
(1639, 321, 'Rutobwe', NULL),
(1640, 322, 'Gakoma', NULL),
(1641, 322, 'Kibeho', NULL),
(1642, 322, 'Mbasa', NULL),
(1643, 322, 'Mpanda', NULL),
(1644, 322, 'Mubuga', NULL),
(1645, 322, 'Nyange', NULL),
(1646, 323, 'Cyanyirankora', NULL),
(1647, 323, 'Gahurizo', NULL),
(1648, 323, 'Kimina', NULL),
(1649, 323, 'Kivu', NULL),
(1650, 323, 'Rugerero', NULL),
(1651, 324, 'Gorwe', NULL),
(1652, 324, 'Murambi', NULL),
(1653, 324, 'Nyamabuye', NULL),
(1654, 324, 'Ramba', NULL),
(1655, 324, 'Rwamiko', NULL),
(1656, 108, 'Muganza', NULL),
(1657, 108, 'Rukore', NULL),
(1658, 108, 'Samiyonga', NULL),
(1659, 108, 'Uwacyiza', NULL),
(1660, 326, 'Giheta', NULL),
(1661, 326, 'Ngarurira', NULL),
(1662, 326, 'Ngeri', NULL),
(1663, 326, 'Ntwali', NULL),
(1664, 326, 'Nyarure', NULL),
(1665, 327, 'Bitare', NULL),
(1666, 327, 'Mukuge', NULL),
(1667, 327, 'Murama', NULL),
(1668, 327, 'Nyamirama', NULL),
(1669, 327, 'Nyanza', NULL),
(1670, 327, 'Yaramba', NULL),
(1671, 123, 'Fugi', NULL),
(1672, 123, 'Kibangu', NULL),
(1673, 123, 'Kiyonza', NULL),
(1674, 123, 'Mbuye', NULL),
(1675, 123, 'Nyamirama', NULL),
(1676, 123, 'Rubona', NULL),
(1677, 329, 'Gihemvu', NULL),
(1678, 329, 'Kabere', NULL),
(1679, 329, 'Mishungero', NULL),
(1680, 329, 'Nyabimata', NULL),
(1681, 329, 'Ruhinga', NULL),
(1682, 308, 'Maraba', NULL),
(1683, 308, 'Mwoya', NULL),
(1684, 308, 'Nkakwa', NULL),
(1685, 308, 'Nyagisozi', NULL),
(1686, 331, 'Gitita', NULL),
(1687, 331, 'Kabere', NULL),
(1688, 331, 'Remera', NULL),
(1689, 331, 'Ruyenzi', NULL),
(1690, 331, 'Uwumusebeya', NULL),
(1691, 332, 'Gabiro', NULL),
(1692, 332, 'Giseke', NULL),
(1693, 332, 'Nyarugano', NULL),
(1694, 332, 'Rugogwe', NULL),
(1695, 332, 'Ruramba', NULL),
(1696, 333, 'Bunge', NULL),
(1697, 333, 'Cyuna', NULL),
(1698, 333, 'Gikunzi', NULL),
(1699, 333, 'Mariba', NULL),
(1700, 333, 'Raranzige', NULL),
(1701, 333, 'Rusenge', NULL),
(1702, 334, 'Buringo', NULL),
(1703, 334, 'Butaka', NULL),
(1704, 334, 'Hehu', NULL),
(1705, 334, 'Kabumba', NULL),
(1706, 334, 'Mutovu', NULL),
(1707, 334, 'Nsherima', NULL),
(1708, 334, 'Rusiza', NULL),
(1709, 300, 'Gacurabwenge', NULL),
(1710, 300, 'Gasiza', NULL),
(1711, 300, 'Gihonga', NULL),
(1712, 300, 'Kageshi', NULL),
(1713, 300, 'Makoro', NULL),
(1714, 300, 'Nyacyonga', NULL),
(1715, 300, 'Rusura', NULL),
(1716, 336, 'Busigari', NULL),
(1717, 336, 'Cyanzarwe', NULL),
(1718, 336, 'Gora', NULL),
(1719, 336, 'Kinyanzovu', NULL),
(1720, 336, 'Makurizo', NULL),
(1721, 336, 'Rwangara', NULL),
(1722, 336, 'Rwanzekuma', NULL),
(1723, 336, 'Ryabizige', NULL),
(1724, 337, 'Amahoro', NULL),
(1725, 337, 'Bugoyi', NULL),
(1726, 337, 'Kivumu', NULL),
(1727, 337, 'Mbugangari', NULL),
(1728, 337, 'Nengo', NULL),
(1729, 337, 'Rubavu', NULL),
(1730, 337, 'Umuganda', NULL),
(1731, 338, 'Kamuhoza', NULL),
(1732, 338, 'Karambo', NULL),
(1733, 338, 'Mahoko', NULL),
(1734, 338, 'Musabike', NULL),
(1735, 338, 'Nkomane', NULL),
(1736, 338, 'Rusongati', NULL),
(1737, 338, 'Yungwe', NULL),
(1738, 339, 'Kanyirabigogo', NULL),
(1739, 339, 'Kirerema', NULL),
(1740, 339, 'Muramba', NULL),
(1741, 339, 'Nyamikongi', NULL),
(1742, 339, 'Nyamirango', NULL),
(1743, 339, 'Nyaruteme', NULL),
(1744, 340, 'Bihungwe', NULL),
(1745, 340, 'Kanyundo', NULL),
(1746, 340, 'Micinyiro', NULL),
(1747, 340, 'Mirindi', NULL),
(1748, 340, 'Ndoranyi', NULL),
(1749, 340, 'Rungu', NULL),
(1750, 340, 'Rwanyakayaga', NULL),
(1751, 341, 'Bisizi', NULL),
(1752, 341, 'Gikombe', NULL),
(1753, 341, 'Kanyefurwe', NULL),
(1754, 341, 'Nyarushyamba', NULL),
(1755, 342, 'Burushya', NULL),
(1756, 342, 'Busoro', NULL),
(1757, 342, 'Kinigi', NULL),
(1758, 342, 'Kiraga', NULL),
(1759, 342, 'Munanira', NULL),
(1760, 342, 'Rubona', NULL),
(1761, 343, 'Bahimba', NULL),
(1762, 343, 'Gatovu', NULL),
(1763, 343, 'Kavomo', NULL),
(1764, 343, 'Kigarama', NULL),
(1765, 343, 'Mukondo', NULL),
(1766, 343, 'Nyundo', NULL),
(1767, 343, 'Terimbere', NULL),
(1768, 344, 'Buhaza', NULL),
(1769, 344, 'Burinda', NULL),
(1770, 344, 'Byahi', NULL),
(1771, 344, 'Gikombe', NULL),
(1772, 344, 'Murambi', NULL),
(1773, 344, 'Murara', NULL),
(1774, 344, 'Rukoko', NULL),
(1775, 345, 'Basa', NULL),
(1776, 345, 'Gisa', NULL),
(1777, 345, 'Kabilizi', NULL),
(1778, 345, 'Muhira', NULL),
(1779, 345, 'Rugerero', NULL),
(1780, 345, 'Rushubi', NULL),
(1781, 345, 'Rwaza', NULL),
(1782, 346, 'Buhanda', NULL),
(1783, 346, 'Gitisi', NULL),
(1784, 346, 'Murama', NULL),
(1785, 346, 'Rubona', NULL),
(1786, 346, 'Rwinyana', NULL),
(1787, 347, 'Kamusenyi', NULL),
(1788, 347, 'Kirengeri', NULL),
(1789, 347, 'Mahembe', NULL),
(1790, 347, 'Mpanda', NULL),
(1791, 347, 'Muhororo', NULL),
(1792, 347, 'Ntenyo', NULL),
(1793, 347, 'Nyakabuye', NULL),
(1794, 348, 'Bihembe', NULL),
(1795, 348, 'Karambi', NULL),
(1796, 348, 'Munanira', NULL),
(1797, 348, 'Remera', NULL),
(1798, 348, 'Rwesero', NULL),
(1799, 348, 'Rwoga', NULL),
(1800, 119, 'Burima', NULL),
(1801, 119, 'Gisali', NULL),
(1802, 119, 'Kinazi', NULL),
(1803, 119, 'Rubona', NULL),
(1804, 119, 'Rutabo', NULL),
(1805, 350, 'Bweramvura', NULL),
(1806, 350, 'Gitinda', NULL),
(1807, 350, 'Kirwa', NULL),
(1808, 350, 'Muyunzwe', NULL),
(1809, 350, 'Nyakogo', NULL),
(1810, 350, 'Rukina', NULL),
(1811, 351, 'Cyanza', NULL),
(1812, 351, 'Gisanga', NULL),
(1813, 351, 'Kabuga', NULL),
(1814, 351, 'Kizibere', NULL),
(1815, 351, 'Mbuye', NULL),
(1816, 351, 'Mwendo', NULL),
(1817, 351, 'Nyakarekare', NULL),
(1818, 352, 'Gafunzo', NULL),
(1819, 352, 'Gishweru', NULL),
(1820, 352, 'Kamujisho', NULL),
(1821, 352, 'Kigarama', NULL),
(1822, 352, 'Kubutare', NULL),
(1823, 352, 'Mutara', NULL),
(1824, 352, 'Nyabibugu', NULL),
(1825, 352, 'Saruheshyi', NULL),
(1826, 353, 'Gako', NULL),
(1827, 353, 'Kareba', NULL),
(1828, 353, 'Kayenzi', NULL),
(1829, 353, 'Kebero', NULL),
(1830, 353, 'Nyagisozi', NULL);
INSERT INTO `cells` (`id`, `sector`, `cell`, `code`) VALUES
(1831, 353, 'Nyakabungo', NULL),
(1832, 353, 'Nyarurama', NULL),
(1833, 354, 'Buhoro', NULL),
(1834, 354, 'Bunyogombe', NULL),
(1835, 354, 'Gikoma', NULL),
(1836, 354, 'Munini', NULL),
(1837, 354, 'Musamo', NULL),
(1838, 354, 'Nyamagana', NULL),
(1839, 354, 'Rwoga', NULL),
(1840, 354, 'Tambwe', NULL),
(1841, 355, 'Cyohoha', NULL),
(1842, 355, 'Gitare', NULL),
(1843, 355, 'Rwamahwa', NULL),
(1844, 356, 'Butangampundu', NULL),
(1845, 356, 'Karengeri', NULL),
(1846, 356, 'Taba', NULL),
(1847, 357, 'Gasiza', NULL),
(1848, 357, 'Giko', NULL),
(1849, 357, 'Kayenzi', NULL),
(1850, 357, 'Mukoto', NULL),
(1851, 357, 'Nyirangarama', NULL),
(1852, 358, 'Busoro', NULL),
(1853, 358, 'Butare', NULL),
(1854, 358, 'Gahororo', NULL),
(1855, 358, 'Gitumba', NULL),
(1856, 358, 'Karama', NULL),
(1857, 358, 'Mwumba', NULL),
(1858, 358, 'Ndarage', NULL),
(1859, 359, 'Budakiranya', NULL),
(1860, 359, 'Migendezo', NULL),
(1861, 359, 'Rudogo', NULL),
(1862, 360, 'Burehe', NULL),
(1863, 360, 'Marembo', NULL),
(1864, 360, 'Rwili', NULL),
(1865, 350, 'Butunzi', NULL),
(1866, 350, 'Karegamazi', NULL),
(1867, 350, 'Marembo', NULL),
(1868, 350, 'Rebero', NULL),
(1869, 362, 'Gitatsa', NULL),
(1870, 362, 'Kamushenyi', NULL),
(1871, 362, 'Kigarama', NULL),
(1872, 362, 'Mubuga', NULL),
(1873, 362, 'Murama', NULL),
(1874, 362, 'Sayo', NULL),
(1875, 363, 'Kabuga', NULL),
(1876, 363, 'Kigarama', NULL),
(1877, 363, 'Kivugiza', NULL),
(1878, 363, 'Nyamyumba', NULL),
(1879, 363, 'Shengampuli', NULL),
(1880, 364, 'Bukoro', NULL),
(1881, 364, 'Mushari', NULL),
(1882, 364, 'Ngiramazi', NULL),
(1883, 364, 'Rurenge', NULL),
(1884, 75, 'Bubangu', NULL),
(1885, 75, 'Gatwa', NULL),
(1886, 75, 'Mugambazi', NULL),
(1887, 75, 'Mvuzo', NULL),
(1888, 123, 'Kabuga', NULL),
(1889, 123, 'Karambo', NULL),
(1890, 123, 'Mugote', NULL),
(1891, 123, 'Munyarwanda', NULL),
(1892, 367, 'Kajevuba', NULL),
(1893, 367, 'Kiyanza', NULL),
(1894, 367, 'Mahaza', NULL),
(1895, 368, 'Buraro', NULL),
(1896, 368, 'Bwimo', NULL),
(1897, 368, 'Mberuka', NULL),
(1898, 368, 'Mbuye', NULL),
(1899, 369, 'Gako', NULL),
(1900, 369, 'Kirenge', NULL),
(1901, 369, 'Taba', NULL),
(1902, 370, 'Bugaragara', NULL),
(1903, 370, 'Kijabagwe', NULL),
(1904, 370, 'Muvumu', NULL),
(1905, 370, 'Rubona', NULL),
(1906, 370, 'Rutonde', NULL),
(1907, 128, 'Barari', NULL),
(1908, 128, 'Gahabwa', NULL),
(1909, 128, 'Misezero', NULL),
(1910, 128, 'Nyirabirori', NULL),
(1911, 128, 'Taba', NULL),
(1912, 372, 'Nyange', NULL),
(1913, 372, 'Pera', NULL),
(1914, 372, 'Ryankana', NULL),
(1915, 373, 'Butanda', NULL),
(1916, 373, 'Gatereri', NULL),
(1917, 373, 'Nyamihanda', NULL),
(1918, 373, 'Rwambogo', NULL),
(1919, 374, 'Gikungu', NULL),
(1920, 374, 'Kiyabo', NULL),
(1921, 374, 'Murwa', NULL),
(1922, 374, 'Nyamuzi', NULL),
(1923, 374, 'Rasano', NULL),
(1924, 375, 'Birembo', NULL),
(1925, 375, 'Buhokoro', NULL),
(1926, 375, 'Kabakobwa', NULL),
(1927, 375, 'Kacyuma', NULL),
(1928, 375, 'Kamurehe', NULL),
(1929, 375, 'Karemereye', NULL),
(1930, 375, 'Muti', NULL),
(1931, 375, 'Rusayo', NULL),
(1932, 376, 'Cyendajuru', NULL),
(1933, 376, 'Gakomeye', NULL),
(1934, 376, 'Giheke', NULL),
(1935, 376, 'Kamashangi', NULL),
(1936, 376, 'Kigenge', NULL),
(1937, 376, 'Ntura', NULL),
(1938, 376, 'Rwega', NULL),
(1939, 376, 'Turambi', NULL),
(1940, 377, 'Burunga', NULL),
(1941, 377, 'Gatsiro', NULL),
(1942, 377, 'Gihaya', NULL),
(1943, 377, 'Kagara', NULL),
(1944, 377, 'Kamatita', NULL),
(1945, 377, 'Shagasha', NULL),
(1946, 378, 'Kizura', NULL),
(1947, 378, 'Mpinga', NULL),
(1948, 378, 'Nyamigina', NULL),
(1949, 379, 'Cyingwa', NULL),
(1950, 379, 'Gahungeri', NULL),
(1951, 379, 'Hangabashi', NULL),
(1952, 379, 'Mashesha', NULL),
(1953, 380, 'Cyangugu', NULL),
(1954, 380, 'Gihundwe', NULL),
(1955, 380, 'Kamashangi', NULL),
(1956, 380, 'Kamurera', NULL),
(1957, 380, 'Ruganda', NULL),
(1958, 108, 'Cyarukara', NULL),
(1959, 108, 'Gakoni', NULL),
(1960, 108, 'Shara', NULL),
(1961, 382, 'Gahinga', NULL),
(1962, 382, 'Kabahinda', NULL),
(1963, 382, 'Kabasigirira', NULL),
(1964, 382, 'Kagarama', NULL),
(1965, 382, 'Karambi', NULL),
(1966, 382, 'Miko', NULL),
(1967, 382, 'Tara', NULL),
(1968, 383, 'Gitwa', NULL),
(1969, 383, 'Kamanyenga', NULL),
(1970, 383, 'Kangazi', NULL),
(1971, 383, 'Kinyaga', NULL),
(1972, 383, 'Rugabano', NULL),
(1973, 384, 'Bigoga', NULL),
(1974, 384, 'Bugarura', NULL),
(1975, 384, 'Ishywa', NULL),
(1976, 384, 'Kamagimbo', NULL),
(1977, 384, 'Rwenje', NULL),
(1978, 385, 'Gatare', NULL),
(1979, 385, 'Kiziguro', NULL),
(1980, 385, 'Mataba', NULL),
(1981, 385, 'Ryamuhirwa', NULL),
(1982, 386, 'Gasebeya', NULL),
(1983, 386, 'Gaseke', NULL),
(1984, 386, 'Kamanu', NULL),
(1985, 386, 'Kiziho', NULL),
(1986, 386, 'Mashyuza', NULL),
(1987, 386, 'Nyabintare', NULL),
(1988, 387, 'Gatare', NULL),
(1989, 387, 'Kabagina', NULL),
(1990, 387, 'Kabuye', NULL),
(1991, 387, 'Kanoga', NULL),
(1992, 387, 'Karangiro', NULL),
(1993, 387, 'Murambi', NULL),
(1994, 387, 'Rusambu', NULL),
(1995, 388, 'Butambamo', NULL),
(1996, 388, 'Kigenge', NULL),
(1997, 388, 'Murya', NULL),
(1998, 388, 'Nyenji', NULL),
(1999, 388, 'Rebero', NULL),
(2000, 388, 'Rwinzuki', NULL),
(2001, 80, 'Karenge', NULL),
(2002, 80, 'Muhehwe', NULL),
(2003, 80, 'Mushaka', NULL),
(2004, 80, 'Rubugu', NULL),
(2005, 80, 'Ruganda', NULL),
(2006, 390, 'Bushaka', NULL),
(2007, 390, 'Kabihogo', NULL),
(2008, 390, 'Nkira', NULL),
(2009, 390, 'Remera', NULL),
(2010, 391, 'Bugina', NULL),
(2011, 391, 'Congo-nil', NULL),
(2012, 391, 'Mataba', NULL),
(2013, 391, 'Murambi', NULL),
(2014, 391, 'Ruhingo', NULL),
(2015, 391, 'Shyembe', NULL),
(2016, 391, 'Teba', NULL),
(2017, 392, 'Buhindure', NULL),
(2018, 392, 'Nkora', NULL),
(2019, 392, 'Nyagahinika', NULL),
(2020, 392, 'Rukaragata', NULL),
(2021, 393, 'Bunyoni', NULL),
(2022, 393, 'Bunyunju', NULL),
(2023, 393, 'Kabere', NULL),
(2024, 393, 'Kabujenje', NULL),
(2025, 393, 'Karambi', NULL),
(2026, 393, 'Nganzo', NULL),
(2027, 394, 'Haniro', NULL),
(2028, 394, 'Muyira', NULL),
(2029, 394, 'Tangabo', NULL),
(2030, 122, 'Kabuga', NULL),
(2031, 122, 'Kagano', NULL),
(2032, 122, 'Kageyo', NULL),
(2033, 122, 'Kagusa', NULL),
(2034, 122, 'Karambo', NULL),
(2035, 122, 'Mwendo', NULL),
(2036, 396, 'Kirwa', NULL),
(2037, 396, 'Mburamazi', NULL),
(2038, 396, 'Rugeyo', NULL),
(2039, 396, 'Twabugezi', NULL),
(2040, 397, 'Gabiro', NULL),
(2041, 397, 'Gisiza', NULL),
(2042, 397, 'Murambi', NULL),
(2043, 397, 'Nyarubuye', NULL),
(2044, 398, 'Biruyi', NULL),
(2045, 398, 'Kaguriro', NULL),
(2046, 398, 'Magaba', NULL),
(2047, 398, 'Rurara', NULL),
(2048, 399, 'Bumba', NULL),
(2049, 399, 'Cyarusera', NULL),
(2050, 399, 'Gitwa', NULL),
(2051, 399, 'Mageragere', NULL),
(2052, 399, 'Sure', NULL),
(2053, 400, 'Busuku', NULL),
(2054, 400, 'Cyivugiza', NULL),
(2055, 400, 'Mubuga', NULL),
(2056, 400, 'Ngoma', NULL),
(2057, 400, 'Terimbere', NULL),
(2058, 354, 'Gatare', NULL),
(2059, 354, 'Gihira', NULL),
(2060, 354, 'Kavumu', NULL),
(2061, 354, 'Nyakarera', NULL),
(2062, 354, 'Rugasa', NULL),
(2063, 354, 'Rundoyi', NULL),
(2064, 402, 'Kabona', NULL),
(2065, 402, 'Mberi', NULL),
(2066, 402, 'Remera', NULL),
(2067, 402, 'Ruronde', NULL),
(2068, 403, 'Mununu', NULL),
(2069, 403, 'Nyagasambu', NULL),
(2070, 403, 'Nyakagunga', NULL),
(2071, 403, 'Nyamirama', NULL),
(2072, 403, 'Nyarubuye', NULL),
(2073, 403, 'Sasabirago', NULL),
(2074, 404, 'Gihumuza', NULL),
(2075, 404, 'Kagezi', NULL),
(2076, 404, 'Kanyangese', NULL),
(2077, 404, 'Kibare', NULL),
(2078, 404, 'Mutamwa', NULL),
(2079, 404, 'Rugarama', NULL),
(2080, 404, 'Runyinya', NULL),
(2081, 404, 'Rweri', NULL),
(2082, 405, 'Binunga', NULL),
(2083, 405, 'Bwinsanga', NULL),
(2084, 405, 'Cyinyana', NULL),
(2085, 405, 'Gati', NULL),
(2086, 405, 'Kavumu', NULL),
(2087, 405, 'Ruhimbi', NULL),
(2088, 405, 'Ruhunda', NULL),
(2089, 406, 'Bicaca', NULL),
(2090, 406, 'Byimana', NULL),
(2091, 406, 'Kabasore', NULL),
(2092, 406, 'Kangamba', NULL),
(2093, 406, 'Karenge', NULL),
(2094, 406, 'Nyabubare', NULL),
(2095, 406, 'Nyamatete', NULL),
(2096, 407, 'Bwiza', NULL),
(2097, 407, 'Cyanya', NULL),
(2098, 407, 'Nyagasenyi', NULL),
(2099, 407, 'Sibagire', NULL),
(2100, 407, 'Sovu', NULL),
(2101, 408, 'Byeza', NULL),
(2102, 408, 'Kabare', NULL),
(2103, 408, 'Karambi', NULL),
(2104, 408, 'Karitutu', NULL),
(2105, 408, 'Kitazigurwa', NULL),
(2106, 408, 'Murambi', NULL),
(2107, 408, 'Nsinda', NULL),
(2108, 408, 'Ntebe', NULL),
(2109, 408, 'Nyarusange', NULL),
(2110, 409, 'Kaduha', NULL),
(2111, 409, 'Nkungu', NULL),
(2112, 409, 'Rweru', NULL),
(2113, 409, 'Zinga', NULL),
(2114, 410, 'Binunga', NULL),
(2115, 410, 'Bwana', NULL),
(2116, 410, 'Cyarukamba', NULL),
(2117, 410, 'Cyimbazi', NULL),
(2118, 410, 'Nkomangwa', NULL),
(2119, 410, 'Nyarubuye', NULL),
(2120, 111, 'Akabare', NULL),
(2121, 111, 'Budahanda', NULL),
(2122, 111, 'Kagarama', NULL),
(2123, 111, 'Musha', NULL),
(2124, 111, 'Nyabisindu', NULL),
(2125, 111, 'Nyakabanda', NULL),
(2126, 412, 'Akinyambo', NULL),
(2127, 412, 'Bujyujyu', NULL),
(2128, 412, 'Murehe', NULL),
(2129, 412, 'Ntebe', NULL),
(2130, 412, 'Nyarukombe', NULL),
(2131, 413, 'Bicumbi', NULL),
(2132, 413, 'Bushenyi', NULL),
(2133, 413, 'Mwulire', NULL),
(2134, 413, 'Ntunga', NULL),
(2135, 414, 'Bihembe', NULL),
(2136, 414, 'Gatare', NULL),
(2137, 414, 'Gishore', NULL),
(2138, 414, 'Munini', NULL),
(2139, 414, 'Rwimbogo', NULL),
(2140, 415, 'Akanzu', NULL),
(2141, 415, 'Kigarama', NULL),
(2142, 415, 'Murama', NULL),
(2143, 415, 'Rugarama', NULL),
(2144, 416, 'Byinza', NULL),
(2145, 416, 'Kabatasi', NULL),
(2146, 416, 'Kabuye', NULL),
(2147, 416, 'Karambi', NULL),
(2148, 416, 'Mabare', NULL),
(2149, 416, 'Nawe', NULL);

-- --------------------------------------------------------

--
-- Table structure for table `customer_detail`
--

CREATE TABLE `customer_detail` (
  `id` int(21) NOT NULL,
  `product_id` varchar(120) NOT NULL,
  `name` varchar(120) NOT NULL,
  `phone` text NOT NULL,
  `email` varchar(50) NOT NULL,
  `district` varchar(17) NOT NULL,
  `sector` varchar(23) NOT NULL
) ENGINE=InnoDB DEFAULT CHARSET=latin1;

--
-- Dumping data for table `customer_detail`
--

INSERT INTO `customer_detail` (`id`, `product_id`, `name`, `phone`, `email`, `district`, `sector`) VALUES
(1, '1', 'muhayimana jules', '0783076306', '', 'Musannze', 'muhoza'),
(2, '2', 'mutezimana immaculee', '0783076306', '', 'nyabihu', 'jomba'),
(3, '3', 'muhayimana jules', '0788842307', '', 'Musanze', 'Muhoza'),
(4, '4', 'Mukamana Anne', '0780580209', '', 'Musanze', 'Kimonyi'),
(5, '5', 'Rugema Sharif', '0782345612', 'rugema@gmail.com', 'Kicukiro', 'Kimironko'),
(6, '6', 'Ndungutse patrick', '0789653424', 'pazzo@gmailo.com', 'Ruhango', 'Ruhango'),
(7, '7', 'Shyaka Anastase', '0781234567', 'Shyaka@gmail.com', 'Rulindo', 'Bushokoro'),
(8, '8', 'Niyonsenga David', '0789654531', 'niyodav@gmail.com', 'Rusizi', 'Kamembe'),
(9, '9', 'Niyomutoni Joselyne', '0789654321', 'jose@yahoo.com', 'Nyaruguru', 'kibeho'),
(10, '10', 'Mugisha Brena', '0789654321', 'brena@yahoo.com', 'Bugesera', 'Nyamata'),
(11, '11', 'Niyonsenga David', '0789654312', 'davidlolly12@gmail.com', 'Rusizi', 'kamembe'),
(12, '12', 'Umutoni Yollanda', '0782345678', 'yoyo@gmail.com', 'Musanze', 'muhoza'),
(13, '13', 'Ngenzi Shyaka Jean Leon Benin', '0782408411', 'leonngenzi@yahoo.com', 'Muhanga ', 'Nyamabuye'),
(14, '14', 'Ngenzi Shyaka Jean Leon Benin', '0782408411', 'leonngenzi@yahoo.com', 'Muhanga', 'Nyamabuye'),
(15, '15', 'shaka', '0787064440', '', 'Musanze', 'Kimonyi');

-- --------------------------------------------------------

--
-- Table structure for table `districts`
--

CREATE TABLE `districts` (
  `id` bigint(20) UNSIGNED NOT NULL,
  `province` bigint(20) UNSIGNED DEFAULT NULL,
  `district` varchar(191) COLLATE utf8mb4_unicode_ci NOT NULL,
  `code` varchar(191) COLLATE utf8mb4_unicode_ci DEFAULT NULL
) ENGINE=InnoDB DEFAULT CHARSET=utf8mb4 COLLATE=utf8mb4_unicode_ci;

--
-- Dumping data for table `districts`
--

INSERT INTO `districts` (`id`, `province`, `district`, `code`) VALUES
(1, 1, 'Nyarugenge', '01'),
(2, 1, 'Gasabo', '02'),
(3, 1, 'Kicukiro', '03'),
(4, 2, 'Musanze', '03'),
(5, 2, 'Gakenke', '02'),
(6, 2, 'Rulindo', '01'),
(7, 2, 'Burera', '02'),
(8, 2, 'Gicumbi', '05'),
(9, 3, 'Kayonza', '04'),
(10, 3, 'Rwamagana', '01'),
(11, 3, 'Nyagatare', '02'),
(12, 3, 'Gatsibo', '03'),
(13, 3, 'Kirehe', '05'),
(14, 3, 'Ngoma', '06'),
(15, 3, 'Bugesera', '07'),
(16, 4, 'Gisagara', '02'),
(17, 4, 'Huye', '04'),
(18, 4, 'Kamonyi', '08'),
(19, 4, 'Muhanga', '07'),
(20, 4, 'Nyamagabe', '05'),
(21, 4, 'Nyanza', '01'),
(22, 4, 'Nyaruguru', '03'),
(23, 4, 'Ruhango', '06'),
(24, 5, 'Karongi', '01'),
(25, 5, 'Rubavu', '03'),
(26, 5, 'Rutsiro', '02'),
(27, 5, 'Nyabihu', '04'),
(28, 5, 'Ngororero', '05'),
(29, 5, 'Rusizi', '06'),
(30, 5, 'Nyamasheke', '07');

-- --------------------------------------------------------

--
-- Table structure for table `foundcontact`
--

CREATE TABLE `foundcontact` (
  `id` int(50) NOT NULL,
  `product_id` int(20) NOT NULL,
  `found_name` varchar(56) NOT NULL,
  `found_phone` text NOT NULL,
  `email` varchar(50) NOT NULL
) ENGINE=InnoDB DEFAULT CHARSET=latin1;

--
-- Dumping data for table `foundcontact`
--

INSERT INTO `foundcontact` (`id`, `product_id`, `found_name`, `found_phone`, `email`) VALUES
(1, 13, 'mukamana angek', '0789655436', ''),
(2, 15, 'mukamana', '0783076306', '');

-- --------------------------------------------------------

--
-- Table structure for table `product`
--

CREATE TABLE `product` (
  `id` int(21) NOT NULL,
  `type` varchar(22) NOT NULL,
  `national_id` varchar(50) NOT NULL,
  `national_idno` text NOT NULL,
  `ubutaka` varchar(50) NOT NULL,
  `ubutaka_no` varchar(50) NOT NULL,
  `permi` varchar(50) NOT NULL,
  `permi_no` varchar(50) NOT NULL,
  `passport` varchar(50) NOT NULL,
  `passport_no` varchar(50) NOT NULL,
  `other_product` varchar(500) NOT NULL,
  `description` varchar(200) NOT NULL,
  `owner` varchar(18) NOT NULL,
  `advert_date` date NOT NULL,
  `status` int(1) NOT NULL
) ENGINE=InnoDB DEFAULT CHARSET=latin1;

--
-- Dumping data for table `product`
--

INSERT INTO `product` (`id`, `type`, `national_id`, `national_idno`, `ubutaka`, `ubutaka_no`, `permi`, `permi_no`, `passport`, `passport_no`, `other_product`, `description`, `owner`, `advert_date`, `status`) VALUES
(1, 'byarabuze', 'indangamuntu', '1199765075824869', 'icyemezo cyubutaka', '', '', '', 'passport', '', '', 'Byaburize biri mu koffi yumukara mwisoko ryakinigi', 'Muhayimana Jules', '2019-11-28', 0),
(2, 'byaratoraguwe', '', '', 'icyemezo cyubutaka', '', 'perimi', 'TNP68807', '', '', '', '', 'claire', '2019-11-28', 0),
(3, 'byarabuze', 'indangamuntu', '123456789875645', '', '', '', '', '', '', '', 'Byaburiye mumuhanda', 'Niyomuhwe Clement', '2019-11-28', 0),
(4, 'byaratoraguwe', '', '', 'icyemezo cyubutaka', '123455676897643', '', '', '', '', '', 'Murusengero', 'Fidelita', '2019-11-28', 0),
(5, 'byarabuze', '', '', '', '', 'perimi', '12345678', '', '', '', 'Nari nagiye gukina muri Ines', 'Rugema Sharif', '2019-11-29', 0),
(6, 'byaratoraguwe', '', '', '', '', '', '', 'passport', '1234554321', '', 'Kukibuga cy indege niho byatowe', 'Mbera Eric', '2019-11-29', 0),
(7, 'byarabuze', '', '', '', '', '', '', '', '', 'Radiyo', 'Muri stade ya Musanze', 'Shyaka Anastase', '2019-11-29', 0),
(8, 'byaratoraguwe', 'indangamuntu', '119999424345676', 'icyemezo cyubutaka', '12345676543', '', '', '', '', '', 'Nabitoye kumuhanda ugana kumupaka', 'Mugisha Elvis', '2019-11-29', 0),
(9, 'byarabuze', '', '', '', '', 'perimi', '234567889', 'passport', '123456787', '', 'Byaburiye kubiro bya Gitifu kibeho', 'Niyomutoni Joselyn', '2019-11-29', 0),
(10, 'byaratoraguwe', '', '', '', '', '', '', '', '', 'ikofi', 'Yatakaye mukabyiniro ka cascade', '', '2019-11-29', 0),
(11, 'byarabuze', '', '', '', '', '', '', 'passport', '1234565543', '', 'Nabitaye mva Susa njya INES', 'Niyonsenga David', '2019-11-29', 0),
(12, 'byaratoraguwe', '', '', '', '', '', '', '', '', 'inka', 'yacitse ikiraro', 'Dusabimana Emanuel', '2019-11-29', 0),
(13, 'byarabuze', 'indangamuntu', '119997864', '', '', '', '', '', '', '', 'YABURIYE MUMUHANDA', 'Ngenzi Shyaka Jean', '2019-11-29', 1),
(14, 'byarabuze', 'indangamuntu', '199997765432123', '', '', '', '', '', '', '', 'mumuhanda', 'Ngenzi Shyaka Jean', '2019-11-29', 0),
(15, 'byarabuze', '', '', '', '', '', '', '', '', 'igikapu', 'nagitoye ari kuwa 2', 'sekamana jea', '2019-11-29', 0);

-- --------------------------------------------------------

--
-- Table structure for table `product_detail`
--

CREATE TABLE `product_detail` (
  `id` int(21) NOT NULL,
  `product_id` varchar(22) NOT NULL,
  `issue_district` varchar(50) NOT NULL,
  `issue_sector` varchar(45) NOT NULL,
  `advert_district` varchar(35) NOT NULL,
  `advert_sector` varchar(43) NOT NULL,
  `date` date NOT NULL
) ENGINE=InnoDB DEFAULT CHARSET=latin1;

--
-- Dumping data for table `product_detail`
--

INSERT INTO `product_detail` (`id`, `product_id`, `issue_district`, `issue_sector`, `advert_district`, `advert_sector`, `date`) VALUES
(1, '1', 'Nyabihu', 'jomba', 'musanze', 'kinigi', '2018-11-18'),
(2, '2', 'nyarugenge', 'kinyinya', 'gasabo', 'nyabugogo', '2019-11-13'),
(3, '3', 'Muhanga', 'Nyamabuye', 'Musanze', 'Kimonyi', '2019-11-19'),
(4, '4', 'Musanze', 'Muhoza', 'Musanze', 'Muhoza', '2019-11-06'),
(5, '5', 'Kicukiro', 'Kimironko', 'Musanze', 'Kimonyi', '2019-11-12'),
(6, '6', 'nyanza ', 'Nyanza', 'Huye', 'Huye', '2019-08-06'),
(7, '7', 'Rulindo', 'Bushokoro', 'Musanze', 'Kimonyi', '2019-06-18'),
(8, '8', 'Rusizi', 'kamembe', 'Rusizi', 'Kamembe', '2019-07-02'),
(9, '9', 'Nyaruguru', 'kibeho', 'Musanze', 'muhoza', '2019-10-17'),
(10, '10', '', '', 'Kicukiro', 'Kimironko', '2019-04-02'),
(11, '11', 'Rusizi', 'kamembe', 'Musanze', 'Muhoza', '2019-04-03'),
(12, '12', 'Kirehe', 'Kirehe', 'Nyamagabe', 'Sakannyori', '2019-09-04'),
(13, '13', 'Muhanga ', 'Nyamabuye', 'musanze', 'Kimonyi', '2019-09-06'),
(14, '14', 'Muhanga', 'Nyamabuye', 'musanze', 'Kimonyi', '2019-11-13'),
(15, '15', 'rulindo', 'nyirangarama', 'musanze', 'cyuve', '2019-11-14');

-- --------------------------------------------------------

--
-- Table structure for table `product_images`
--

CREATE TABLE `product_images` (
  `id` int(100) NOT NULL,
  `product_id` int(100) NOT NULL,
  `images` varchar(200) NOT NULL
) ENGINE=InnoDB DEFAULT CHARSET=latin1;

--
-- Dumping data for table `product_images`
--

INSERT INTO `product_images` (`id`, `product_id`, `images`) VALUES
(1, 1, 'download (1).jpg'),
(2, 1, 'passport_1.png'),
(3, 1, 'ubutaka.jpg'),
(4, 2, 'passport1.jpg'),
(5, 2, 'perimikenya.jpg'),
(6, 3, 'id_1.jpg'),
(7, 4, 'ubutaka1.jpg'),
(8, 5, 'perimi.jpg'),
(9, 5, 'perimi1.jpg'),
(10, 6, 'passport2.jpg'),
(11, 6, 'passportamerica.jpg'),
(12, 7, 'radio1.jfif'),
(13, 7, 'radio3.jfif'),
(14, 7, 'radio4.jpg'),
(15, 8, 'download.jpg'),
(16, 8, 'ubutaka1.jpg'),
(17, 9, 'perimikenya.jpg'),
(18, 9, 'permis_1.png'),
(19, 9, 'viza.jpg'),
(20, 10, 'lost-wallet.jpg'),
(21, 10, 'wallet2.jpg'),
(22, 11, 'passport.jpg'),
(23, 11, 'passport_1.png'),
(24, 11, 'passportamerica.jpg'),
(25, 12, 'inka1.jpg'),
(26, 12, 'inka2.jpg'),
(27, 12, 'inka3.jpg'),
(28, 12, 'inka5.jpg'),
(29, 14, 'iranga.jpeg'),
(30, 15, 'igikapu1.jpg');

-- --------------------------------------------------------

--
-- Table structure for table `sectors`
--

CREATE TABLE `sectors` (
  `id` bigint(20) UNSIGNED NOT NULL,
  `district` bigint(20) UNSIGNED DEFAULT NULL,
  `sector` varchar(191) COLLATE utf8mb4_unicode_ci NOT NULL,
  `code` varchar(191) COLLATE utf8mb4_unicode_ci DEFAULT NULL
) ENGINE=InnoDB DEFAULT CHARSET=utf8mb4 COLLATE=utf8mb4_unicode_ci;

--
-- Dumping data for table `sectors`
--

INSERT INTO `sectors` (`id`, `district`, `sector`, `code`) VALUES
(1, 15, 'Gashora', NULL),
(2, 15, 'Juru', NULL),
(3, 15, 'Kamabuye', NULL),
(4, 15, 'Mareba', NULL),
(5, 15, 'Mayange', NULL),
(6, 15, 'Musenyi', NULL),
(7, 15, 'Mwogo', NULL),
(8, 15, 'Ngeruka', NULL),
(9, 15, 'Ntarama', NULL),
(10, 15, 'Nyamata', NULL),
(11, 15, 'Nyarugenge', NULL),
(12, 15, 'Rilima', NULL),
(13, 15, 'Ruhuha', NULL),
(14, 15, 'Rweru', NULL),
(15, 15, 'Shyara', NULL),
(16, 7, 'Bungwe', NULL),
(17, 7, 'Butaro', NULL),
(18, 7, 'Cyanika', NULL),
(19, 7, 'Cyeru', NULL),
(20, 7, 'Gahunga', NULL),
(21, 7, 'Gatebe', NULL),
(22, 7, 'Gitovu', NULL),
(23, 7, 'Kagogo', NULL),
(24, 7, 'Kinoni', NULL),
(25, 7, 'Kinyababa', NULL),
(26, 7, 'Kivuye', NULL),
(27, 7, 'Nemba', NULL),
(28, 7, 'Rugarama', NULL),
(29, 7, 'Rugengabari', NULL),
(30, 7, 'Ruhunde', NULL),
(31, 7, 'Rusarabuye', NULL),
(32, 7, 'Rwerere', NULL),
(33, 5, 'Busengo', NULL),
(34, 5, 'Coko', NULL),
(35, 5, 'Cyabingo', NULL),
(36, 5, 'Gakenke', NULL),
(37, 5, 'Gashenyi', NULL),
(38, 5, 'Janja', NULL),
(39, 5, 'Kamubuga', NULL),
(40, 5, 'Karambo', NULL),
(41, 5, 'Kivuruga', NULL),
(42, 5, 'Mataba', NULL),
(43, 5, 'Minazi', NULL),
(44, 5, 'Mugunga', NULL),
(45, 5, 'Muhondo', NULL),
(46, 5, 'Muyongwe', NULL),
(47, 5, 'Muzo', NULL),
(48, 5, 'Nemba', NULL),
(49, 5, 'Ruli', NULL),
(50, 5, 'Rusasa', NULL),
(51, 5, 'Rushashi', NULL),
(52, 2, 'Bumbogo', NULL),
(53, 2, 'Gatsata', NULL),
(54, 2, 'Gikomero', NULL),
(55, 2, 'Gisozi', NULL),
(56, 2, 'Jabana', NULL),
(57, 2, 'Jali', NULL),
(58, 2, 'Kacyiru', NULL),
(59, 2, 'Kimihurura', NULL),
(60, 2, 'Kimironko', NULL),
(61, 2, 'Kinyinya', NULL),
(62, 2, 'Ndera', NULL),
(63, 2, 'Nduba', NULL),
(64, 2, 'Remera', NULL),
(65, 2, 'Rusororo', NULL),
(66, 2, 'Rutunga', NULL),
(67, 12, 'Gasange', NULL),
(68, 12, 'Gatsibo', NULL),
(69, 12, 'Gitoki', NULL),
(70, 12, 'Kabarore', NULL),
(71, 12, 'Kageyo', NULL),
(72, 12, 'Kiramuruzi', NULL),
(73, 12, 'Kiziguro', NULL),
(74, 12, 'Muhura', NULL),
(75, 12, 'Murambi', NULL),
(76, 12, 'Ngarama', NULL),
(77, 12, 'Nyagihanga', NULL),
(78, 12, 'Remera', NULL),
(79, 12, 'Rugarama', NULL),
(80, 12, 'Rwimbogo', NULL),
(81, 8, 'Bukure', NULL),
(82, 8, 'Bwisige', NULL),
(83, 8, 'Byumba', NULL),
(84, 8, 'Cyumba', NULL),
(85, 8, 'Giti', NULL),
(86, 8, 'Kageyo', NULL),
(87, 8, 'Kaniga', NULL),
(88, 8, 'Manyagiro', NULL),
(89, 8, 'Miyove', NULL),
(90, 8, 'Mukarange', NULL),
(91, 8, 'Muko', NULL),
(92, 8, 'Mutete', NULL),
(93, 8, 'Nyamiyaga', NULL),
(94, 8, 'Nyankenke', NULL),
(95, 8, 'Rubaya', NULL),
(96, 8, 'Rukomo', NULL),
(97, 8, 'Rushaki', NULL),
(98, 8, 'Rutare', NULL),
(99, 8, 'Ruvune', NULL),
(100, 8, 'Rwamiko', NULL),
(101, 8, 'Shangasha', NULL),
(102, 16, 'Gikonko', NULL),
(103, 16, 'Gishubi', NULL),
(104, 16, 'Kansi', NULL),
(105, 16, 'Kibirizi', NULL),
(106, 16, 'Kigembe', NULL),
(107, 16, 'Mamba', NULL),
(108, 16, 'Muganza', NULL),
(109, 16, 'Mugombwa', NULL),
(110, 16, 'Mukindo', NULL),
(111, 16, 'Musha', NULL),
(112, 16, 'Ndora', NULL),
(113, 16, 'Nyanza', NULL),
(114, 16, 'Save', NULL),
(115, 17, 'Gishamvu', NULL),
(116, 17, 'Huye', NULL),
(117, 17, 'Karama', NULL),
(118, 17, 'Kigoma', NULL),
(119, 17, 'Kinazi', NULL),
(120, 17, 'Maraba', NULL),
(121, 17, 'Mbazi', NULL),
(122, 17, 'Mukura', NULL),
(123, 17, 'Ngoma', NULL),
(124, 17, 'Ruhashya', NULL),
(125, 17, 'Rusatira', NULL),
(126, 17, 'Rwaniro', NULL),
(127, 17, 'Simbi', NULL),
(128, 17, 'Tumba', NULL),
(129, 18, 'Gacurabwenge', NULL),
(130, 18, 'Karama', NULL),
(131, 18, 'Kayenzi', NULL),
(132, 18, 'Kayumbu', NULL),
(133, 18, 'Mugina', NULL),
(134, 18, 'Musambira', NULL),
(135, 18, 'Ngamba', NULL),
(136, 18, 'Nyamiyaga', NULL),
(137, 18, 'Nyarubaka', NULL),
(138, 18, 'Rugarika', NULL),
(139, 18, 'Rukoma', NULL),
(140, 18, 'Runda', NULL),
(141, 24, 'Bwishyura', NULL),
(142, 24, 'Gashari', NULL),
(143, 24, 'Gishyita', NULL),
(144, 24, 'Gitesi', NULL),
(145, 24, 'Mubuga', NULL),
(146, 24, 'Murambi', NULL),
(147, 24, 'Murundi', NULL),
(148, 24, 'Mutuntu', NULL),
(149, 24, 'Rubengera', NULL),
(150, 24, 'Rugabano', NULL),
(151, 24, 'Ruganda', NULL),
(152, 24, 'Rwankuba', NULL),
(153, 24, 'Twumba', NULL),
(154, 9, 'Gahini', NULL),
(155, 9, 'Kabare', NULL),
(156, 9, 'Kabarondo', NULL),
(157, 9, 'Mukarange', NULL),
(158, 9, 'Murama', NULL),
(159, 9, 'Murundi', NULL),
(160, 9, 'Mwiri', NULL),
(161, 9, 'Ndego', NULL),
(162, 9, 'Nyamirama', NULL),
(163, 9, 'Rukara', NULL),
(164, 9, 'Ruramira', NULL),
(165, 9, 'Rwinkwavu', NULL),
(166, 3, 'Gahanga', NULL),
(167, 3, 'Gatenga', NULL),
(168, 3, 'Gikondo', NULL),
(169, 3, 'Kagarama', NULL),
(170, 3, 'Kanombe', NULL),
(171, 3, 'Kicukiro', NULL),
(172, 3, 'Kigarama', NULL),
(173, 3, 'Masaka', NULL),
(174, 3, 'Niboye', NULL),
(175, 3, 'Nyarugunga', NULL),
(176, 13, 'Gahara', NULL),
(177, 13, 'Gatore', NULL),
(178, 13, 'Kigarama', NULL),
(179, 13, 'Kigina', NULL),
(180, 13, 'Kirehe', NULL),
(181, 13, 'Mahama', NULL),
(182, 13, 'Mpanga', NULL),
(183, 13, 'Musaza', NULL),
(184, 13, 'Mushikiri', NULL),
(185, 13, 'Nasho', NULL),
(186, 13, 'Nyamugari', NULL),
(187, 13, 'Nyarubuye', NULL),
(188, 19, 'Cyeza', NULL),
(189, 19, 'Kabacuzi', NULL),
(190, 19, 'Kibangu', NULL),
(191, 19, 'Kiyumba', NULL),
(192, 19, 'Muhanga', NULL),
(193, 19, 'Mushishiro', NULL),
(194, 19, 'Nyabinoni', NULL),
(195, 19, 'Nyamabuye', NULL),
(196, 19, 'Nyarusange', NULL),
(197, 19, 'Rongi', NULL),
(198, 19, 'Rugendabari', NULL),
(199, 19, 'Shyogwe', NULL),
(200, 4, 'Busogo', NULL),
(201, 4, 'Cyuve', NULL),
(202, 4, 'Gacaca', NULL),
(203, 4, 'Gashaki', NULL),
(204, 4, 'Gataraga', NULL),
(205, 4, 'Kimonyi', NULL),
(206, 4, 'Kinigi', NULL),
(207, 4, 'Muhoza', NULL),
(208, 4, 'Muko', NULL),
(209, 4, 'Musanze', NULL),
(210, 4, 'Nkotsi', NULL),
(211, 4, 'Nyange', NULL),
(212, 4, 'Remera', NULL),
(213, 4, 'Rwaza', NULL),
(214, 4, 'Shingiro', NULL),
(215, 14, 'Gashanda', NULL),
(216, 14, 'Jarama', NULL),
(217, 14, 'Karembo', NULL),
(218, 14, 'Kazo', NULL),
(219, 14, 'Kibungo', NULL),
(220, 14, 'Mugesera', NULL),
(221, 14, 'Murama', NULL),
(222, 14, 'Mutenderi', NULL),
(223, 14, 'Remera', NULL),
(224, 14, 'Rukira', NULL),
(225, 14, 'Rukumberi', NULL),
(226, 14, 'Rurenge', NULL),
(227, 14, 'Sake', NULL),
(228, 14, 'Zaza', NULL),
(229, 28, 'Bwira', NULL),
(230, 28, 'Gatumba', NULL),
(231, 28, 'Hindiro', NULL),
(232, 28, 'Kabaya', NULL),
(233, 28, 'Kageyo', NULL),
(234, 28, 'Kavumu', NULL),
(235, 28, 'Matyazo', NULL),
(236, 28, 'Muhanda', NULL),
(237, 28, 'Muhororo', NULL),
(238, 28, 'Ndaro', NULL),
(239, 28, 'Ngororero', NULL),
(240, 28, 'Nyange', NULL),
(241, 28, 'Sovu', NULL),
(242, 27, 'Bigogwe', NULL),
(243, 27, 'Jenda', NULL),
(244, 27, 'Jomba', NULL),
(245, 27, 'Kabatwa', NULL),
(246, 27, 'Karago', NULL),
(247, 27, 'Kintobo', NULL),
(248, 27, 'Mukamira', NULL),
(249, 27, 'Muringa', NULL),
(250, 27, 'Rambura', NULL),
(251, 27, 'Rugera', NULL),
(252, 27, 'Rurembo', NULL),
(253, 27, 'Shyira', NULL),
(254, 11, 'Gatunda', NULL),
(255, 11, 'Karama', NULL),
(256, 11, 'Karangazi', NULL),
(257, 11, 'Katabagemu', NULL),
(258, 11, 'Kiyombe', NULL),
(259, 11, 'Matimba', NULL),
(260, 11, 'Mimuri', NULL),
(261, 11, 'Mukama', NULL),
(262, 11, 'Musheri', NULL),
(263, 11, 'Nyagatare', NULL),
(264, 11, 'Rukomo', NULL),
(265, 11, 'Rwempasha', NULL),
(266, 11, 'Rwimiyaga', NULL),
(267, 11, 'Tabagwe', NULL),
(268, 20, 'Buruhukiro', NULL),
(269, 20, 'Cyanika', NULL),
(270, 20, 'Gasaka', NULL),
(271, 20, 'Gatare', NULL),
(272, 20, 'Kaduha', NULL),
(273, 20, 'Kamegeri', NULL),
(274, 20, 'Kibirizi', NULL),
(275, 20, 'Kibumbwe', NULL),
(276, 20, 'Kitabi', NULL),
(277, 20, 'Mbazi', NULL),
(278, 20, 'Mugano', NULL),
(279, 20, 'Musange', NULL),
(280, 20, 'Musebeya', NULL),
(281, 20, 'Mushubi', NULL),
(282, 20, 'Nkomane', NULL),
(283, 20, 'Tare', NULL),
(284, 20, 'Uwinkingi', NULL),
(285, 30, 'Bushekeri', NULL),
(286, 30, 'Bushenge', NULL),
(287, 30, 'Cyato', NULL),
(288, 30, 'Gihombo', NULL),
(289, 30, 'Kagano', NULL),
(290, 30, 'Kanjongo', NULL),
(291, 30, 'Karambi', NULL),
(292, 30, 'Karengera', NULL),
(293, 30, 'Kirimbi', NULL),
(294, 30, 'Macuba', NULL),
(295, 30, 'Mahembe', NULL),
(296, 30, 'Nyabitekeri', NULL),
(297, 30, 'Rangiro', NULL),
(298, 30, 'Ruharambuga', NULL),
(299, 30, 'Shangi', NULL),
(300, 21, 'Busasamana', NULL),
(301, 21, 'Busoro', NULL),
(302, 21, 'Cyabakamyi', NULL),
(303, 21, 'Kibilizi', NULL),
(304, 21, 'Kigoma', NULL),
(305, 21, 'Mukingo', NULL),
(306, 21, 'Muyira', NULL),
(307, 21, 'Ntyazo', NULL),
(308, 21, 'Nyagisozi', NULL),
(309, 21, 'Rwabicuma', NULL),
(310, 1, 'Gitega', NULL),
(311, 1, 'Kanyinya', NULL),
(312, 1, 'Kigali', NULL),
(313, 1, 'Kimisagara', NULL),
(314, 1, 'Mageregere', NULL),
(315, 1, 'Muhima', NULL),
(316, 1, 'Nyakabanda', NULL),
(317, 1, 'Nyamirambo', NULL),
(318, 1, 'Nyarugenge', NULL),
(319, 1, 'Rwezamenyo', NULL),
(320, 22, 'Busanze', NULL),
(321, 22, 'Cyahinda', NULL),
(322, 22, 'Kibeho', NULL),
(323, 22, 'Kivu', NULL),
(324, 22, 'Mata', NULL),
(325, 22, 'Muganza', NULL),
(326, 22, 'Munini', NULL),
(327, 22, 'Ngera', NULL),
(328, 22, 'Ngoma', NULL),
(329, 22, 'Nyabimata', NULL),
(330, 22, 'Nyagisozi', NULL),
(331, 22, 'Ruheru', NULL),
(332, 22, 'Ruramba', NULL),
(333, 22, 'Rusenge', NULL),
(334, 25, 'Bugeshi', NULL),
(335, 25, 'Busasamana', NULL),
(336, 25, 'Cyanzarwe', NULL),
(337, 25, 'Gisenyi', NULL),
(338, 25, 'Kanama', NULL),
(339, 25, 'Kanzenze', NULL),
(340, 25, 'Mudende', NULL),
(341, 25, 'Nyakiriba', NULL),
(342, 25, 'Nyamyumba', NULL),
(343, 25, 'Nyundo', NULL),
(344, 25, 'Rubavu', NULL),
(345, 25, 'Rugerero', NULL),
(346, 23, 'Bweramana', NULL),
(347, 23, 'Byimana', NULL),
(348, 23, 'Kabagali', NULL),
(349, 23, 'Kinazi', NULL),
(350, 23, 'Kinihira', NULL),
(351, 23, 'Mbuye', NULL),
(352, 23, 'Mwendo', NULL),
(353, 23, 'Ntongwe', NULL),
(354, 23, 'Ruhango', NULL),
(355, 6, 'Base', NULL),
(356, 6, 'Burega', NULL),
(357, 6, 'Bushoki', NULL),
(358, 6, 'Buyoga', NULL),
(359, 6, 'Cyinzuzi', NULL),
(360, 6, 'Cyungo', NULL),
(361, 6, 'Kinihira', NULL),
(362, 6, 'Kisaro', NULL),
(363, 6, 'Masoro', NULL),
(364, 6, 'Mbogo', NULL),
(365, 6, 'Murambi', NULL),
(366, 6, 'Ngoma', NULL),
(367, 6, 'Ntarabana', NULL),
(368, 6, 'Rukozo', NULL),
(369, 6, 'Rusiga', NULL),
(370, 6, 'Shyorongi', NULL),
(371, 6, 'Tumba', NULL),
(372, 29, 'Bugarama', NULL),
(373, 29, 'Butare', NULL),
(374, 29, 'Bweyeye', NULL),
(375, 29, 'Gashonga', NULL),
(376, 29, 'Giheke', NULL),
(377, 29, 'Gihundwe', NULL),
(378, 29, 'Gikundamvura', NULL),
(379, 29, 'Gitambi', NULL),
(380, 29, 'Kamembe', NULL),
(381, 29, 'Muganza', NULL),
(382, 29, 'Mururu', NULL),
(383, 29, 'Nkanka', NULL),
(384, 29, 'Nkombo', NULL),
(385, 29, 'Nkungu', NULL),
(386, 29, 'Nyakabuye', NULL),
(387, 29, 'Nyakarenzo', NULL),
(388, 29, 'Nzahaha', NULL),
(389, 29, 'Rwimbogo', NULL),
(390, 26, 'Boneza', NULL),
(391, 26, 'Gihango', NULL),
(392, 26, 'Kigeyo', NULL),
(393, 26, 'Kivumu', NULL),
(394, 26, 'Manihira', NULL),
(395, 26, 'Mukura', NULL),
(396, 26, 'Murunda', NULL),
(397, 26, 'Musasa', NULL),
(398, 26, 'Mushonyi', NULL),
(399, 26, 'Mushubati', NULL),
(400, 26, 'Nyabirasi', NULL),
(401, 26, 'Ruhango', NULL),
(402, 26, 'Rusebeya', NULL),
(403, 10, 'Fumbwe', NULL),
(404, 10, 'Gahengeri', NULL),
(405, 10, 'Gishali', NULL),
(406, 10, 'Karenge', NULL),
(407, 10, 'Kigabiro', NULL),
(408, 10, 'Muhazi', NULL),
(409, 10, 'Munyaga', NULL),
(410, 10, 'Munyiginya', NULL),
(411, 10, 'Musha', NULL),
(412, 10, 'Muyumbu', NULL),
(413, 10, 'Mwulire', NULL),
(414, 10, 'Nyakaliro', NULL),
(415, 10, 'Nzige', NULL),
(416, 10, 'Rubona', NULL);

--
-- Indexes for dumped tables
--

--
-- Indexes for table `cells`
--
ALTER TABLE `cells`
  ADD PRIMARY KEY (`id`),
  ADD KEY `cells_sector_foreign` (`sector`);

--
-- Indexes for table `customer_detail`
--
ALTER TABLE `customer_detail`
  ADD PRIMARY KEY (`id`);

--
-- Indexes for table `districts`
--
ALTER TABLE `districts`
  ADD PRIMARY KEY (`id`),
  ADD KEY `districts_province_foreign` (`province`);

--
-- Indexes for table `foundcontact`
--
ALTER TABLE `foundcontact`
  ADD PRIMARY KEY (`id`);

--
-- Indexes for table `product`
--
ALTER TABLE `product`
  ADD PRIMARY KEY (`id`);

--
-- Indexes for table `product_detail`
--
ALTER TABLE `product_detail`
  ADD PRIMARY KEY (`id`);

--
-- Indexes for table `product_images`
--
ALTER TABLE `product_images`
  ADD PRIMARY KEY (`id`);

--
-- Indexes for table `sectors`
--
ALTER TABLE `sectors`
  ADD PRIMARY KEY (`id`),
  ADD KEY `sectors_district_foreign` (`district`);

--
-- AUTO_INCREMENT for dumped tables
--

--
-- AUTO_INCREMENT for table `cells`
--
ALTER TABLE `cells`
  MODIFY `id` bigint(20) UNSIGNED NOT NULL AUTO_INCREMENT, AUTO_INCREMENT=2150;

--
-- AUTO_INCREMENT for table `customer_detail`
--
ALTER TABLE `customer_detail`
  MODIFY `id` int(21) NOT NULL AUTO_INCREMENT, AUTO_INCREMENT=17;

--
-- AUTO_INCREMENT for table `districts`
--
ALTER TABLE `districts`
  MODIFY `id` bigint(20) UNSIGNED NOT NULL AUTO_INCREMENT, AUTO_INCREMENT=31;

--
-- AUTO_INCREMENT for table `foundcontact`
--
ALTER TABLE `foundcontact`
  MODIFY `id` int(50) NOT NULL AUTO_INCREMENT, AUTO_INCREMENT=3;

--
-- AUTO_INCREMENT for table `product`
--
ALTER TABLE `product`
  MODIFY `id` int(21) NOT NULL AUTO_INCREMENT, AUTO_INCREMENT=17;

--
-- AUTO_INCREMENT for table `product_detail`
--
ALTER TABLE `product_detail`
  MODIFY `id` int(21) NOT NULL AUTO_INCREMENT, AUTO_INCREMENT=17;

--
-- AUTO_INCREMENT for table `product_images`
--
ALTER TABLE `product_images`
  MODIFY `id` int(100) NOT NULL AUTO_INCREMENT, AUTO_INCREMENT=31;

--
-- AUTO_INCREMENT for table `sectors`
--
ALTER TABLE `sectors`
  MODIFY `id` bigint(20) UNSIGNED NOT NULL AUTO_INCREMENT, AUTO_INCREMENT=417;

--
-- Constraints for dumped tables
--

--
-- Constraints for table `sectors`
--
ALTER TABLE `sectors`
  ADD CONSTRAINT `sectors_district_foreign` FOREIGN KEY (`district`) REFERENCES `districts` (`id`);
COMMIT;

/*!40101 SET CHARACTER_SET_CLIENT=@OLD_CHARACTER_SET_CLIENT */;
/*!40101 SET CHARACTER_SET_RESULTS=@OLD_CHARACTER_SET_RESULTS */;
/*!40101 SET COLLATION_CONNECTION=@OLD_COLLATION_CONNECTION */;
